날짜,지점,지점명,강수량(mm),풍속(m/s),습도(%),일조(hr),일사(MJ/m2),적설(cm),전운량(10분위),중하층운량(10분위),최저운고(100m ),지면온도(°C),10cm 지중온도(°C),20cm 지중온도(°C),30cm 지중온도(°C),최저기온(°C),평균기온(°C),최고기온(°C)
2022-01-01,184,제주,,3.12,60.99,0.66,0.99,,4.83,3.21,24.97,4.82,6.94,7.63,8.6,0.1,5.04,10.9
2022-01-02,184,제주,0.0,3.41,66.61,0.48,0.54,,4.3,3.19,16.87,5.78,7.07,7.55,8.39,-0.2,7.29,12.6
2022-01-03,184,제주,,3.19,67.4,0.69,0.98,,3.65,2.61,17.4,5.98,7.15,7.58,8.28,2.6,6.62,12.2
2022-01-04,184,제주,,3.5,65.76,0.41,0.46,,6.04,4.95,14.34,6.05,7.36,7.77,8.35,3.5,7.01,11.9
2022-01-05,184,제주,3.18,3.21,81.76,0.0,0.09,,9.79,7.8,10.51,5.84,7.2,7.61,8.22,2.9,5.84,9.0
2022-01-06,184,제주,0.85,4.53,68.71,0.76,1.02,,4.67,3.65,8.25,6.65,7.61,7.8,8.13,3.8,7.27,11.9
2022-01-07,184,제주,,3.1,64.22,0.76,1.0,,2.95,0.81,50.68,5.02,7.14,7.6,8.22,2.3,6.16,11.1
2022-01-08,184,제주,,3.83,69.52,0.34,0.38,,5.73,4.98,8.83,5.7,6.97,7.38,8.05,3.5,6.67,10.7
2022-01-09,184,제주,,3.22,68.66,0.22,0.29,,6.5,4.12,10.25,6.01,7.39,7.63,8.11,2.5,7.54,11.7
2022-01-10,184,제주,,3.38,72.08,0.41,0.65,,6.44,4.95,9.54,6.88,7.87,7.94,8.25,3.7,7.44,11.7
2022-01-11,184,제주,0.46,7.52,72.49,0.25,0.39,0.18,8.79,6.8,7.53,4.77,7.28,7.93,8.52,0.8,3.76,7.8
2022-01-12,184,제주,0.01,5.44,64.19,0.37,0.51,,8.09,7.18,9.66,3.89,6.16,6.93,8.02,0.9,3.44,6.8
2022-01-13,184,제주,0.41,6.88,69.39,0.26,0.29,,8.83,7.58,8.97,4.0,6.11,6.8,7.8,1.1,3.84,7.1
2022-01-14,184,제주,0.0,4.5,63.45,0.4,0.57,,7.76,5.95,11.74,4.2,6.05,6.58,7.55,1.9,4.23,7.6
2022-01-15,184,제주,0.0,2.23,67.49,0.23,0.7,,7.92,6.26,17.07,6.37,6.91,7.06,7.62,3.7,6.82,11.5
2022-01-16,184,제주,0.08,5.16,66.44,0.5,0.64,,7.33,5.92,12.8,6.92,7.68,7.82,8.11,3.0,7.56,13.9
2022-01-17,184,제주,,5.11,64.76,0.29,0.49,,8.28,5.68,16.32,5.17,7.03,7.48,8.07,2.7,5.5,9.9
2022-01-18,184,제주,,4.25,60.25,0.79,1.1,,3.39,2.88,9.07,4.35,6.86,7.33,7.9,0.7,4.15,8.2
2022-01-19,184,제주,0.0,3.46,58.2,0.74,1.13,,3.1,2.28,10.51,4.18,6.03,6.6,7.49,0.7,5.02,10.4
2022-01-20,184,제주,0.16,4.94,63.58,0.56,0.65,,6.18,5.09,8.82,4.24,6.55,6.96,7.5,0.2,3.38,6.5
2022-01-21,184,제주,,2.83,66.12,0.31,0.66,,6.28,4.1,13.22,4.87,6.0,6.49,7.22,0.2,6.07,10.6
2022-01-22,184,제주,0.1,3.63,70.08,0.15,0.76,,8.55,5.25,14.79,8.34,7.37,7.25,7.41,6.6,10.23,14.0
2022-01-23,184,제주,1.11,3.59,85.26,0.0,0.29,0.8,9.77,5.81,12.13,9.3,8.83,8.53,8.27,8.2,10.17,12.2
2022-01-24,184,제주,0.0,3.67,75.26,0.18,0.6,,8.14,6.32,10.97,9.1,9.36,9.15,8.85,8.5,10.28,14.5
2022-01-25,184,제주,0.27,2.44,82.83,0.0,0.17,,9.35,7.42,7.74,8.48,9.14,9.21,9.16,7.5,8.93,10.5
2022-01-26,184,제주,,3.77,69.89,0.48,0.69,,7.77,5.2,15.18,7.79,8.75,8.93,9.07,5.1,7.78,11.8
2022-01-27,184,제주,,4.25,68.67,0.24,0.54,,8.11,4.91,15.74,6.94,8.38,8.69,9.0,4.2,6.79,11.7
2022-01-28,184,제주,,4.57,66.74,0.47,0.77,,7.51,5.01,18.66,6.19,7.87,8.26,8.75,3.5,5.78,11.8
2022-01-29,184,제주,,4.29,63.45,0.23,0.53,,8.88,5.42,19.59,5.73,7.63,8.07,8.62,3.2,5.25,10.1
2022-01-30,184,제주,,4.96,57.76,0.57,0.88,,6.3,4.12,17.28,5.57,7.51,7.92,8.5,2.3,5.18,10.8
2022-01-31,184,제주,,4.13,58.69,0.7,1.02,,2.83,2.33,15.1,4.97,7.28,7.7,8.39,-0.5,5.12,9.7
2022-02-01,184,제주,0.0,5.63,58.66,0.45,0.66,,6.35,4.98,11.65,5.76,7.48,7.85,8.44,1.0,6.09,8.7
2022-02-02,184,제주,,4.11,63.49,0.11,0.53,,8.09,4.64,14.69,5.18,7.24,7.66,8.34,2.1,4.92,8.2
2022-02-03,184,제주,0.0,4.2,55.92,0.35,0.69,,7.92,5.09,24.02,5.68,7.21,7.63,8.23,2.2,4.95,9.1
2022-02-04,184,제주,0.0,5.17,55.77,0.45,0.58,,5.62,4.92,16.62,4.62,6.6,7.26,8.1,0.5,4.4,8.5
2022-02-05,184,제주,0.14,7.15,66.67,0.34,0.63,0.83,8.3,7.34,8.11,3.72,6.24,6.94,7.85,0.1,2.64,4.6
2022-02-06,184,제주,0.02,5.54,57.49,0.5,0.77,0.8,7.52,6.45,10.7,4.86,6.3,6.8,7.64,1.5,3.93,6.6
2022-02-07,184,제주,0.1,3.29,65.07,0.17,0.55,,8.52,5.17,15.45,4.75,6.74,7.14,7.73,-0.5,4.1,8.1
2022-02-08,184,제주,1.3,4.05,62.06,0.74,1.23,,4.99,2.69,14.95,5.75,7.0,7.32,7.79,1.5,4.91,9.2
2022-02-09,184,제주,2.68,2.79,70.95,0.36,0.73,,6.03,3.72,13.79,5.94,6.87,7.27,7.78,1.2,6.14,10.3
2022-02-10,184,제주,1.61,4.01,69.83,0.54,1.22,,5.36,3.79,11.13,7.08,7.71,7.8,7.92,3.6,6.27,10.9
2022-02-11,184,제주,,3.16,51.79,0.82,1.29,,3.24,2.25,38.89,6.38,7.59,7.83,8.07,2.5,7.14,12.1
2022-02-12,184,제주,,2.51,53.59,0.01,0.49,,9.15,7.28,24.05,8.11,8.45,8.36,8.35,6.2,9.69,12.4
2022-02-13,184,제주,0.03,3.17,68.32,0.0,0.24,,9.83,6.33,13.57,8.54,9.07,8.98,8.8,8.3,10.11,11.8
2022-02-14,184,제주,0.0,3.53,66.92,0.37,0.93,,5.92,3.89,14.13,8.91,9.12,9.1,9.01,5.9,9.57,13.5
2022-02-15,184,제주,,6.18,62.15,0.54,0.78,,6.66,5.22,12.31,6.07,8.39,8.85,9.06,1.0,4.51,10.3
2022-02-16,184,제주,0.03,6.34,65.19,0.38,0.58,,7.63,7.01,7.84,3.9,6.89,7.73,8.54,-0.1,1.92,4.6
2022-02-17,184,제주,0.0,5.07,61.93,0.23,0.6,,8.41,5.93,16.88,2.9,6.0,6.87,7.85,-1.1,0.91,4.0
2022-02-18,184,제주,0.16,2.91,66.4,0.11,0.67,,8.64,6.39,16.1,5.18,6.25,6.63,7.37,-0.2,5.58,11.0
2022-02-19,184,제주,1.77,4.64,80.48,0.12,0.32,,9.46,7.26,7.48,6.37,7.12,7.38,7.66,2.8,5.58,10.0
2022-02-20,184,제주,0.05,7.05,62.4,0.5,0.87,0.24,7.96,6.43,8.47,3.56,5.88,6.68,7.44,-1.0,1.59,4.1
2022-02-21,184,제주,0.0,4.78,55.52,0.43,0.79,,6.96,5.5,14.29,4.49,5.92,6.36,7.05,-1.6,4.1,7.5
2022-02-22,184,제주,0.0,4.5,57.76,0.56,1.04,,7.16,5.04,14.03,5.61,6.59,6.83,7.19,-0.9,4.12,7.0
2022-02-23,184,제주,,4.8,62.71,0.29,0.49,,7.22,5.08,10.0,4.45,6.24,6.82,7.3,-0.5,2.52,7.0
2022-02-24,184,제주,,4.86,60.45,0.4,0.55,,5.27,4.86,10.33,4.31,5.51,6.13,6.87,-0.8,3.34,8.0
2022-02-25,184,제주,,3.36,56.99,0.85,1.58,,1.07,1.0,9.96,7.06,6.31,6.34,6.63,-1.2,6.07,11.7
2022-02-26,184,제주,,4.09,57.91,0.83,1.56,,1.17,0.72,27.86,8.69,7.23,7.12,7.11,0.7,8.56,16.0
2022-02-27,184,제주,,4.16,49.98,0.89,1.7,,0.36,0.39,8.14,9.46,8.33,8.14,7.81,3.3,7.73,12.6
2022-02-28,184,제주,,2.71,60.42,0.15,0.57,,5.97,5.12,27.55,8.21,7.84,7.99,8.04,1.2,8.96,13.4
2022-03-01,184,제주,0.48,4.8,80.82,0.2,0.35,,8.45,5.96,11.69,11.33,9.19,8.83,8.37,6.1,11.56,17.5
2022-03-02,184,제주,,5.52,58.32,0.73,1.32,,3.75,2.64,19.89,8.82,8.72,8.85,8.68,3.7,6.78,12.1
2022-03-03,184,제주,0.0,3.18,59.28,0.7,1.38,,1.04,0.61,40.19,9.5,8.5,8.49,8.45,1.6,9.06,14.6
2022-03-04,184,제주,,3.53,63.57,0.43,1.05,,4.94,2.42,37.24,10.75,9.37,9.12,8.79,4.3,11.27,16.1
2022-03-05,184,제주,0.0,5.37,60.18,0.76,1.46,,2.84,1.36,16.72,11.24,10.33,10.05,9.44,5.2,9.41,15.7
2022-03-06,184,제주,,5.23,53.33,0.78,1.57,,4.78,2.86,37.37,9.94,9.57,9.71,9.52,2.9,6.08,10.7
2022-03-07,184,제주,,3.2,59.03,0.65,1.29,,5.9,2.95,32.55,10.47,9.79,9.82,9.57,3.4,7.36,11.4
2022-03-08,184,제주,,2.55,57.56,0.79,1.51,,0.16,0.09,15.67,11.96,9.9,9.91,9.64,0.3,9.32,16.1
2022-03-09,184,제주,,2.53,72.15,0.8,1.52,,0.44,0.2,17.2,13.05,10.58,10.4,9.91,3.9,10.8,17.5
2022-03-10,184,제주,,2.64,66.67,0.77,1.53,,3.74,0.46,32.67,14.43,10.84,10.7,10.27,4.7,12.04,17.8
2022-03-11,184,제주,0.0,2.85,72.41,0.17,0.6,,7.46,5.31,12.08,15.39,12.32,11.73,10.91,11.8,16.05,21.0
2022-03-12,184,제주,,3.23,77.11,0.76,1.54,,2.84,1.41,10.83,18.45,13.58,12.8,11.69,9.9,16.76,21.9
2022-03-13,184,제주,3.1,4.3,88.17,0.01,0.21,,8.98,6.4,10.73,15.55,14.25,13.68,12.65,12.6,16.32,20.2
2022-03-14,184,제주,0.05,2.45,95.56,0.02,0.38,,8.91,7.75,8.33,15.53,14.56,14.04,13.05,9.1,14.03,17.7
2022-03-15,184,제주,,3.04,76.29,0.82,1.71,,2.22,1.25,30.65,14.06,13.52,13.53,12.98,6.3,11.38,17.6
2022-03-16,184,제주,,1.81,81.16,0.75,1.55,,2.09,1.46,25.15,15.7,13.68,13.48,12.94,6.7,13.4,18.8
2022-03-17,184,제주,2.89,3.41,82.7,0.0,0.29,,9.02,5.99,10.25,13.58,14.15,14.05,13.43,11.0,13.53,17.9
2022-03-18,184,제주,9.71,5.29,92.04,0.07,0.41,,9.22,7.71,5.27,12.06,12.71,12.99,13.03,8.5,10.86,14.3
2022-03-19,184,제주,0.35,5.63,80.17,0.13,0.34,,9.25,6.95,7.83,9.74,11.67,12.17,12.45,5.4,7.93,10.7
2022-03-20,184,제주,0.0,3.59,72.45,0.12,0.59,,9.16,5.9,14.07,9.35,10.78,11.2,11.65,5.7,7.84,11.3
2022-03-21,184,제주,1.68,2.93,71.94,0.05,0.52,,9.54,6.89,26.29,9.5,10.89,11.12,11.34,5.4,9.14,12.6
2022-03-22,184,제주,9.14,3.51,68.02,0.52,1.27,,7.83,2.94,36.38,10.55,11.24,11.35,11.27,6.3,9.14,15.2
2022-03-23,184,제주,0.44,2.88,75.8,0.3,0.94,,6.56,4.44,13.32,10.73,11.45,11.61,11.5,5.7,9.42,13.4
2022-03-24,184,제주,,2.78,63.88,0.8,1.71,,0.33,0.18,11.25,12.16,11.49,11.55,11.42,5.4,10.93,15.7
2022-03-25,184,제주,1.38,5.6,80.22,0.0,0.57,,7.85,4.81,8.97,13.55,12.3,12.15,11.83,9.5,15.58,20.9
2022-03-26,184,제주,6.01,7.48,86.2,0.17,0.2,,9.14,6.42,13.06,14.65,13.48,13.22,12.56,9.1,13.3,20.9
2022-03-27,184,제주,,4.48,51.94,0.7,1.68,,6.68,4.67,47.62,13.86,12.93,12.72,12.37,8.2,12.99,19.3
2022-03-28,184,제주,,3.7,55.74,0.25,0.96,,8.74,5.02,34.37,11.68,12.93,13.0,12.66,6.4,10.73,15.2
2022-03-29,184,제주,,2.91,67.78,0.8,1.8,,2.16,0.04,7.67,14.51,13.1,13.05,12.67,8.2,12.82,17.7
2022-03-30,184,제주,0.08,2.35,89.17,0.18,1.04,,7.19,4.85,9.6,16.92,14.21,13.83,13.14,9.9,16.34,20.7
2022-03-31,184,제주,0.3,4.04,85.31,0.07,0.59,,9.33,7.12,18.07,14.53,14.85,14.69,13.9,8.6,12.54,17.8
2022-04-01,184,제주,,4.02,67.68,0.64,1.72,,6.28,3.52,15.27,14.27,14.48,14.37,13.81,8.2,11.48,15.1
2022-04-02,184,제주,,3.15,58.75,0.77,1.82,,3.49,0.58,11.74,14.32,14.45,14.55,14.0,6.9,10.49,15.2
2022-04-03,184,제주,,3.21,58.74,0.9,1.92,,0.03,0.0,,14.49,13.83,14.14,13.87,5.7,10.3,15.6
2022-04-04,184,제주,,2.6,58.02,0.89,1.91,,0.41,0.0,,16.04,14.1,14.24,13.84,6.3,11.76,17.6
2022-04-05,184,제주,,2.4,55.06,0.47,1.26,,6.52,2.83,42.46,15.21,14.07,14.3,13.99,4.3,12.34,17.4
2022-04-06,184,제주,,2.49,70.98,0.87,1.85,,0.4,0.11,12.0,17.59,14.63,14.56,14.05,7.1,13.32,17.7
2022-04-07,184,제주,,3.21,74.99,0.77,1.6,,2.24,1.49,7.55,18.05,15.52,15.34,14.58,7.4,13.45,20.3
2022-04-08,184,제주,,2.32,59.11,0.91,1.94,,0.03,0.0,,19.15,15.27,15.32,14.76,7.8,14.79,19.7
2022-04-09,184,제주,,3.47,61.44,0.89,1.88,,0.04,0.0,,20.22,16.05,15.88,15.09,11.3,16.66,21.9
2022-04-10,184,제주,,3.08,62.68,0.59,1.38,,6.08,1.53,39.7,20.28,16.58,16.42,15.62,12.5,17.86,23.4
2022-04-11,184,제주,0.21,2.54,87.67,0.47,1.6,,5.86,5.18,7.92,23.07,18.3,17.53,16.25,16.5,19.79,25.1
2022-04-12,184,제주,0.0,2.69,91.68,0.43,1.52,,5.01,4.55,5.07,23.58,19.35,18.75,17.3,15.6,18.75,23.2
2022-04-13,184,제주,1.11,3.19,91.61,0.33,1.09,,7.69,6.36,6.18,22.65,19.6,19.25,18.03,14.5,18.28,22.6
2022-04-14,184,제주,0.77,4.63,89.09,0.07,0.54,,9.31,7.23,7.97,16.13,17.55,18.03,17.76,12.9,14.38,18.8
2022-04-15,184,제주,,4.46,72.05,0.38,1.32,,7.68,4.31,13.4,16.44,17.16,17.12,16.8,11.3,14.11,18.6
2022-04-16,184,제주,,3.48,64.79,0.78,1.79,,4.93,1.75,39.0,16.4,17.11,17.19,16.75,9.5,13.25,17.0
2022-04-17,184,제주,,3.22,49.15,0.81,1.9,,2.35,0.61,58.5,17.61,16.87,17.1,16.75,9.7,14.33,20.3
2022-04-18,184,제주,,2.45,53.42,0.26,1.17,,7.88,5.04,38.78,18.05,17.11,17.25,16.88,12.1,15.24,20.1
2022-04-19,184,제주,,3.11,45.36,0.77,1.65,,3.71,3.09,37.78,19.56,17.45,17.47,16.96,12.6,16.13,22.1
2022-04-20,184,제주,,2.23,49.48,0.76,1.65,,2.08,0.58,45.56,20.42,17.49,17.63,17.19,8.0,15.73,21.3
2022-04-21,184,제주,0.7,2.39,74.21,0.32,0.9,,6.43,4.96,20.46,16.95,17.21,17.53,17.3,10.6,14.24,17.6
2022-04-22,184,제주,0.0,3.69,77.66,0.73,1.59,,3.58,1.12,11.09,19.64,17.72,17.58,17.08,10.3,16.63,22.0
2022-04-23,184,제주,0.31,2.1,93.41,0.01,0.57,,9.83,7.18,6.97,19.63,18.78,18.53,17.87,15.6,17.74,21.2
2022-04-24,184,제주,,1.87,92.11,0.58,1.46,,4.11,2.99,8.64,22.54,19.85,19.29,18.3,14.8,17.91,21.7
2022-04-25,184,제주,3.0,3.35,87.89,0.4,1.29,,7.03,4.08,6.74,22.56,20.36,19.91,18.99,13.6,19.66,25.8
2022-04-26,184,제주,2.51,5.23,96.39,0.0,0.1,,9.58,8.15,3.4,19.58,20.7,20.58,19.86,13.9,18.52,24.3
2022-04-27,184,제주,,3.76,73.12,0.67,1.61,,6.8,1.44,51.88,19.34,19.83,19.72,19.28,12.6,17.57,23.9
2022-04-28,184,제주,,3.15,76.18,0.58,1.45,,6.16,3.99,32.35,19.89,19.79,19.83,19.4,13.6,17.52,22.8
2022-04-29,184,제주,2.87,4.36,88.08,0.1,0.57,,9.29,7.6,5.88,16.72,18.16,18.8,19.06,11.0,14.05,18.5
2022-04-30,184,제주,,2.88,72.53,0.36,1.34,,8.1,6.32,16.84,17.75,18.52,18.54,18.33,12.7,15.03,17.8
2022-05-01,184,제주,,4.1,58.38,0.75,1.77,,6.97,1.78,26.57,17.64,19.03,19.15,18.75,11.0,14.49,19.9
2022-05-02,184,제주,,4.73,52.09,0.8,1.6,,3.11,0.33,17.93,18.33,18.65,18.95,18.78,11.4,16.5,22.1
2022-05-03,184,제주,,2.73,56.23,0.85,1.82,,0.18,0.01,12.0,19.46,18.64,18.95,18.71,8.7,14.83,18.8
2022-05-04,184,제주,,2.99,67.39,0.85,1.82,,0.14,0.0,,21.1,19.19,19.35,18.92,11.3,15.98,20.7
2022-05-05,184,제주,,2.91,71.95,0.72,1.76,,1.69,1.09,9.46,22.76,20.35,20.19,19.47,10.3,18.84,27.4
2022-05-06,184,제주,,2.43,77.45,0.75,1.67,,1.48,1.32,12.27,24.63,21.36,21.14,20.28,15.3,20.19,24.1
2022-05-07,184,제주,,2.83,75.82,0.67,1.46,,2.52,1.89,12.38,24.44,21.56,21.49,20.78,15.6,19.74,24.6
2022-05-08,184,제주,0.07,3.16,76.5,0.3,1.33,,6.01,4.76,7.57,21.84,21.42,21.35,20.78,14.5,18.07,22.9
2022-05-09,184,제주,,3.38,74.02,0.48,1.43,,6.92,3.25,11.78,22.62,21.56,21.53,20.88,15.2,17.55,20.5
2022-05-10,184,제주,0.11,3.12,78.94,0.17,1.0,,8.77,4.48,18.79,21.16,20.84,21.08,20.76,14.1,17.69,21.0
2022-05-11,184,제주,0.43,2.21,94.0,0.02,0.5,,8.54,6.03,8.09,20.6,20.81,20.94,20.61,17.0,18.61,21.8
2022-05-12,184,제주,0.3,2.78,90.9,0.2,1.04,,8.5,6.11,9.75,22.2,21.02,20.88,20.42,16.8,19.29,24.4
2022-05-13,184,제주,0.52,2.61,95.26,0.0,0.19,,9.5,8.12,6.49,19.96,20.53,20.75,20.53,14.0,17.8,21.8
2022-05-14,184,제주,,4.28,62.67,0.71,1.7,,4.46,1.73,46.88,19.66,19.96,20.03,19.85,13.4,16.98,21.9
2022-05-15,184,제주,,4.19,51.89,0.47,1.31,,8.53,3.65,36.3,18.88,19.93,20.18,20.05,13.6,16.29,20.5
2022-05-16,184,제주,,2.9,54.06,0.75,1.64,,7.15,1.83,56.65,21.89,20.07,20.19,20.0,13.4,17.22,22.3
2022-05-17,184,제주,,2.72,62.22,0.85,1.79,,0.23,0.12,12.2,24.23,20.77,20.75,20.38,10.2,18.84,26.2
2022-05-18,184,제주,,2.47,58.15,0.85,1.8,,0.91,0.04,13.0,25.54,21.5,21.45,20.96,11.3,19.66,25.6
2022-05-19,184,제주,,2.05,55.11,0.1,0.89,,9.09,4.69,45.76,22.85,21.41,21.68,21.41,13.6,19.61,23.7
2022-05-20,184,제주,0.0,2.36,74.41,0.11,0.79,,9.22,5.12,23.48,24.24,21.52,21.57,21.32,15.5,20.48,24.2
2022-05-21,184,제주,,2.88,71.19,0.85,1.84,,1.66,1.01,35.0,26.42,22.39,22.07,21.41,14.4,19.94,25.8
2022-05-22,184,제주,,2.74,67.78,0.85,1.86,,2.03,0.26,12.0,27.74,23.02,22.84,22.14,14.5,20.4,26.0
2022-05-23,184,제주,,2.34,62.92,0.51,1.42,,7.23,2.99,51.79,26.89,23.28,23.25,22.6,15.5,21.04,26.4
2022-05-24,184,제주,,2.44,60.62,0.71,1.7,,5.24,4.31,45.23,28.12,23.64,23.49,22.82,16.7,21.29,27.7
2022-05-25,184,제주,,2.14,70.96,0.84,1.72,,3.89,1.2,30.43,29.17,24.35,24.19,23.4,16.7,21.0,26.7
2022-05-26,184,제주,,3.04,71.6,0.29,1.15,,6.65,3.15,39.89,24.72,23.54,23.85,23.5,15.0,19.34,25.1
2022-05-27,184,제주,,3.21,56.21,0.87,1.89,,1.2,0.26,48.71,27.82,23.33,23.39,23.08,11.7,21.35,29.6
2022-05-28,184,제주,,3.12,69.64,0.43,1.22,,8.32,3.22,46.6,26.83,23.55,23.72,23.38,14.5,20.92,27.9
2022-05-29,184,제주,0.94,3.52,84.46,0.09,0.73,,8.09,5.09,14.72,23.47,23.12,23.45,23.29,16.9,19.97,23.4
2022-05-30,184,제주,0.2,3.21,92.76,0.14,0.91,,8.75,7.54,8.23,24.48,23.37,23.43,23.09,17.9,20.16,22.6
2022-05-31,184,제주,,2.41,61.92,0.72,1.7,,6.49,1.49,27.57,26.93,23.86,23.79,23.23,16.4,20.89,26.8
2022-06-01,184,제주,,2.36,73.35,0.48,1.54,,7.64,3.44,42.36,26.92,24.42,24.45,23.77,13.6,20.08,24.3
2022-06-02,184,제주,,2.2,85.03,0.58,1.73,,4.19,2.97,6.29,28.95,25.04,24.94,24.17,15.0,20.45,25.2
2022-06-03,184,제주,,2.08,87.05,0.78,1.76,,3.86,1.5,8.61,29.74,25.72,25.65,24.79,15.4,20.81,23.8
2022-06-04,184,제주,0.1,3.96,80.54,0.32,1.3,,7.43,3.88,13.73,27.13,25.48,25.57,25.01,18.4,22.21,26.2
2022-06-05,184,제주,3.82,4.86,94.62,0.0,0.31,,9.78,7.44,6.84,20.95,23.17,23.97,24.3,17.2,19.65,23.0
2022-06-06,184,제주,0.27,3.67,84.77,0.68,1.52,,4.74,3.34,11.17,23.56,23.21,23.18,23.1,17.2,20.43,26.4
2022-06-07,184,제주,1.52,2.51,88.54,0.16,1.07,,6.75,5.24,10.78,22.55,23.58,23.67,23.47,16.8,20.25,25.1
2022-06-08,184,제주,0.56,3.03,82.43,0.52,1.58,,5.23,4.47,7.68,23.7,24.48,24.17,23.6,17.5,20.48,24.7
2022-06-09,184,제주,,2.78,81.65,0.7,1.76,,5.0,1.56,7.72,24.91,24.58,24.5,23.98,16.4,20.63,25.3
2022-06-10,184,제주,0.3,2.37,86.27,0.08,0.79,,8.54,3.78,15.13,23.2,24.22,24.4,24.13,17.4,21.61,27.1
2022-06-11,184,제주,0.79,3.34,84.83,0.47,1.42,,6.67,4.14,13.15,24.15,24.67,24.58,24.18,17.6,21.03,26.1
2022-06-12,184,제주,,3.13,82.09,0.41,1.25,,7.38,3.38,17.74,24.04,24.82,24.79,24.37,18.4,21.32,25.7
2022-06-13,184,제주,1.0,3.65,89.96,0.0,0.38,,9.83,6.41,9.03,21.4,23.74,24.19,24.2,19.0,20.31,22.1
2022-06-14,184,제주,0.51,3.33,95.26,0.07,0.6,,9.26,7.22,6.43,21.67,22.41,22.82,23.15,18.8,19.78,23.6
2022-06-15,184,제주,0.0,2.69,90.62,0.41,1.36,,5.61,4.79,5.71,24.02,23.43,23.08,22.7,18.0,21.72,28.8
2022-06-16,184,제주,0.0,2.68,90.23,0.44,1.27,,5.65,4.13,15.67,25.37,24.6,24.38,23.66,18.9,21.51,25.5
2022-06-17,184,제주,0.1,3.05,91.66,0.2,1.24,,5.95,5.35,7.39,25.65,25.44,25.05,24.3,20.0,22.33,25.5
2022-06-18,184,제주,0.0,2.87,88.98,0.76,1.78,,3.05,2.51,6.81,28.52,26.7,26.25,25.18,20.2,23.29,27.2
2022-06-19,184,제주,0.14,2.05,90.51,0.46,1.42,,6.4,5.09,7.83,29.22,27.46,27.04,25.97,21.5,24.0,30.5
2022-06-20,184,제주,,1.87,91.79,0.06,0.82,,8.38,4.98,5.49,26.68,26.98,27.02,26.43,21.0,23.15,27.1
2022-06-21,184,제주,0.34,3.31,90.59,0.56,1.56,,4.47,3.75,5.91,28.34,27.09,26.84,26.19,19.9,23.59,28.6
2022-06-22,184,제주,0.1,2.87,91.35,0.43,1.58,,4.22,3.78,5.67,29.76,27.95,27.55,26.65,20.0,23.49,27.8
2022-06-23,184,제주,0.1,4.85,91.15,0.23,1.37,,7.5,6.54,6.03,28.28,28.61,28.3,27.36,23.0,25.17,33.0
2022-06-24,184,제주,5.58,5.11,93.94,0.18,0.64,,8.59,5.86,3.77,25.42,26.77,27.27,27.58,22.4,24.21,29.2
2022-06-25,184,제주,2.94,3.75,90.23,0.47,1.47,,6.9,3.77,9.35,27.39,27.8,27.44,27.07,21.9,25.07,32.0
2022-06-26,184,제주,0.14,4.64,90.2,0.23,1.18,,6.85,6.02,6.3,27.78,28.48,28.32,27.72,23.4,25.91,34.1
2022-06-27,184,제주,0.06,4.94,89.64,0.04,0.86,,8.96,8.01,4.38,27.69,28.9,28.84,28.25,23.0,26.14,32.4
2022-06-28,184,제주,0.07,5.6,88.62,0.09,0.95,,8.65,7.3,4.44,27.84,28.93,28.87,28.42,23.6,26.38,32.8
2022-06-29,184,제주,0.2,5.07,89.72,0.26,1.36,,7.35,6.0,4.24,28.98,29.68,29.45,28.77,24.1,26.6,33.6
2022-06-30,184,제주,0.0,3.88,90.8,0.53,1.7,,5.41,4.12,3.92,30.58,30.72,30.48,29.5,24.0,26.76,31.7
2022-07-01,184,제주,0.0,2.77,88.92,0.72,1.77,,2.21,1.75,7.49,32.04,31.17,30.89,30.05,24.2,26.82,32.4
2022-07-02,184,제주,,2.45,82.72,0.81,1.65,,3.01,0.8,23.0,31.95,30.58,30.73,30.21,22.8,26.64,30.7
2022-07-03,184,제주,0.32,2.84,83.22,0.44,1.55,,7.34,5.08,14.54,32.46,30.89,30.69,30.14,24.2,27.42,32.8
2022-07-04,184,제주,0.32,3.12,88.51,0.46,1.38,,5.84,4.55,6.69,31.3,30.84,30.79,30.18,25.0,26.96,30.6
2022-07-05,184,제주,0.18,2.45,88.05,0.57,1.58,,6.23,4.24,10.84,33.26,31.03,31.0,30.35,24.8,27.35,30.6
2022-07-06,184,제주,0.0,3.52,89.18,0.52,1.64,,6.51,4.34,4.27,33.76,31.65,31.45,30.62,26.2,28.37,33.1
2022-07-07,184,제주,0.15,4.26,87.96,0.36,1.32,,6.31,5.18,4.96,33.0,32.37,32.15,31.2,25.9,28.69,35.7
2022-07-08,184,제주,2.07,3.5,89.93,0.38,1.16,,5.93,3.83,8.77,32.85,32.05,32.15,31.58,25.9,28.29,32.4
2022-07-09,184,제주,,3.16,80.28,0.86,1.85,,1.51,0.78,8.12,33.04,32.14,32.12,31.41,23.7,27.49,32.1
2022-07-10,184,제주,,2.45,82.1,0.73,1.45,,4.21,0.4,14.23,33.03,31.64,31.88,31.5,22.6,27.59,32.2
2022-07-11,184,제주,5.17,2.21,91.22,0.12,0.71,,8.68,4.43,9.43,28.64,30.74,31.09,31.09,23.1,26.48,31.1
2022-07-12,184,제주,0.0,2.58,89.42,0.38,1.42,,7.76,3.64,8.02,29.98,31.13,30.98,30.6,24.3,27.64,32.0
2022-07-13,184,제주,0.05,3.42,89.1,0.18,0.99,,8.0,5.01,11.24,29.59,31.09,31.1,30.78,25.4,28.04,32.8
2022-07-14,184,제주,0.63,3.31,89.71,0.1,0.75,,7.45,4.69,18.84,29.19,30.52,30.71,30.54,25.1,28.11,32.5
2022-07-15,184,제주,2.53,1.98,92.71,0.05,0.36,,8.82,5.09,13.28,27.2,29.57,29.96,30.08,23.7,25.86,29.2
2022-07-16,184,제주,,3.19,82.75,0.58,1.44,,6.3,2.04,27.47,28.31,29.18,29.28,29.32,23.1,26.59,31.8
2022-07-17,184,제주,0.38,2.31,81.48,0.1,0.8,,9.62,5.1,27.29,28.07,29.21,29.39,29.37,23.8,26.89,30.8
2022-07-18,184,제주,0.47,5.02,92.78,0.03,0.59,,9.64,6.91,5.67,28.15,29.13,29.17,29.14,24.7,27.72,32.1
2022-07-19,184,제주,2.11,3.33,85.05,0.73,1.72,,5.06,2.71,10.39,30.0,29.98,29.7,29.17,23.7,26.96,30.6
2022-07-20,184,제주,,2.44,84.06,0.46,1.38,,7.26,4.12,25.16,29.69,29.96,29.96,29.55,22.5,26.42,30.0
2022-07-21,184,제주,0.07,5.36,81.86,0.55,1.2,,6.82,3.93,13.26,30.22,29.75,29.97,29.68,23.6,27.46,32.6
2022-07-22,184,제주,,2.85,78.88,0.73,1.66,,3.55,2.38,10.05,30.57,29.74,29.77,29.41,22.7,26.33,30.3
2022-07-23,184,제주,0.0,2.9,84.89,0.46,1.32,,6.31,1.8,9.07,30.88,30.17,30.25,29.75,22.2,26.86,30.8
2022-07-24,184,제주,4.16,3.96,84.92,0.52,1.38,,6.69,4.79,6.33,30.23,30.11,30.3,29.9,24.1,27.23,31.3
2022-07-25,184,제주,,2.53,82.11,0.66,1.8,,3.82,3.2,7.72,30.04,30.23,30.18,29.7,22.7,26.03,29.8
2022-07-26,184,제주,,2.4,81.83,0.8,1.77,,2.23,1.22,11.26,31.06,30.33,30.32,29.85,21.1,26.3,32.5
2022-07-27,184,제주,,3.21,81.93,0.55,1.69,,4.22,2.83,9.79,31.1,31.15,30.88,30.17,23.6,27.43,32.9
2022-07-28,184,제주,0.02,3.2,81.42,0.62,1.64,,4.98,2.94,14.03,33.09,31.64,31.36,30.51,25.3,28.72,35.6
2022-07-29,184,제주,,3.4,84.16,0.64,1.62,,4.9,3.3,14.08,33.89,31.78,31.69,30.89,26.4,28.88,33.9
2022-07-30,184,제주,4.19,4.55,93.72,0.02,0.3,,8.58,6.41,5.69,28.19,30.07,30.69,30.73,25.4,27.08,29.1
2022-07-31,184,제주,2.06,5.51,94.9,0.07,0.64,,9.36,6.98,3.78,27.66,28.45,28.87,29.27,25.5,27.16,29.4
2022-08-01,184,제주,0.98,4.89,92.59,0.1,0.77,,9.06,6.09,5.4,28.61,29.08,28.96,28.82,25.8,27.81,30.8
2022-08-02,184,제주,2.1,3.76,92.09,0.38,1.13,,7.56,5.19,4.73,30.21,30.51,29.95,29.37,25.8,28.28,33.0
2022-08-03,184,제주,1.25,3.16,90.24,0.64,1.66,,5.23,3.48,10.84,31.62,31.42,30.99,30.15,26.3,28.76,32.4
2022-08-04,184,제주,0.32,2.7,87.14,0.72,1.69,,3.12,2.12,10.94,32.41,31.45,31.28,30.66,25.9,29.09,33.7
2022-08-05,184,제주,0.47,3.82,85.92,0.66,1.56,,3.17,2.48,7.69,32.26,31.33,31.2,30.84,26.6,29.41,35.2
2022-08-06,184,제주,0.2,2.89,86.18,0.67,1.49,,3.33,1.77,9.33,33.1,31.62,31.5,31.09,25.0,29.54,33.5
2022-08-07,184,제주,0.0,3.72,85.31,0.69,1.48,,4.65,2.91,7.61,33.51,32.15,32.07,31.5,27.2,29.92,34.3
2022-08-08,184,제주,,4.16,79.88,0.77,1.59,,5.1,2.01,11.32,34.04,32.14,32.15,31.72,27.7,29.97,36.5
2022-08-09,184,제주,0.08,4.06,80.09,0.59,1.51,,6.38,2.59,11.25,34.67,32.1,32.27,31.89,26.7,29.62,35.1
2022-08-10,184,제주,0.0,3.94,81.32,0.51,1.38,,7.53,2.78,9.35,34.36,31.89,32.06,31.85,27.2,29.81,36.9
2022-08-11,184,제주,0.24,4.11,83.64,0.17,0.99,,9.04,4.93,26.45,33.06,31.63,31.89,31.73,27.2,29.52,35.5
2022-08-12,184,제주,0.56,3.18,86.6,0.35,0.9,,7.95,3.39,17.68,31.98,31.34,31.62,31.56,27.1,29.17,33.7
2022-08-13,184,제주,,3.37,84.7,0.59,1.42,,4.88,1.84,15.72,34.34,31.7,31.63,31.32,25.4,29.56,34.1
2022-08-14,184,제주,,4.08,83.89,0.62,1.39,,5.59,3.16,14.2,34.92,32.09,32.02,31.61,27.8,29.9,34.8
2022-08-15,184,제주,0.67,5.42,81.78,0.62,1.38,,6.39,3.57,11.95,35.1,31.96,32.19,31.87,27.6,30.08,36.4
2022-08-16,184,제주,1.15,5.78,85.23,0.18,0.74,,8.5,5.44,7.78,32.64,31.39,31.81,31.78,27.4,29.37,33.6
2022-08-17,184,제주,8.45,4.01,93.81,0.01,0.17,,9.12,6.23,8.92,27.08,28.78,29.58,30.55,24.2,26.21,28.4
2022-08-18,184,제주,,2.44,80.53,0.65,1.46,,6.11,2.4,10.77,29.08,28.72,28.88,29.19,23.1,26.55,30.3
2022-08-19,184,제주,0.0,3.82,84.31,0.67,1.49,,5.77,3.48,10.51,31.52,30.06,30.0,29.89,24.4,29.14,34.8
2022-08-20,184,제주,0.22,3.12,88.82,0.04,0.38,,8.01,4.58,18.23,29.5,29.92,30.21,30.32,26.4,28.53,32.3
2022-08-21,184,제주,,2.9,83.95,0.62,1.51,,5.69,3.25,8.28,30.69,30.18,30.13,29.99,23.9,27.13,30.5
2022-08-22,184,제주,,2.18,81.83,0.77,1.63,,5.22,1.65,11.83,31.47,30.4,30.55,30.38,24.1,27.67,31.3
2022-08-23,184,제주,,2.34,82.66,0.52,1.33,,7.22,2.94,15.09,32.37,30.58,30.69,30.55,23.7,28.78,33.4
2022-08-24,184,제주,3.6,3.14,78.6,0.42,1.33,,6.83,4.17,19.92,30.94,30.83,31.1,30.9,22.4,27.05,30.7
2022-08-25,184,제주,,3.34,72.03,0.74,1.65,,4.58,1.55,14.17,30.98,29.89,30.41,30.51,21.5,25.82,30.5
2022-08-26,184,제주,0.0,3.01,73.86,0.21,0.8,,7.2,3.98,16.4,28.27,29.3,29.99,30.32,21.8,25.31,29.2
2022-08-27,184,제주,0.0,3.18,71.11,0.47,1.36,,6.06,2.16,20.69,29.44,29.15,29.61,29.78,20.3,25.15,30.0
2022-08-28,184,제주,,3.57,69.58,0.59,1.14,,5.38,1.82,20.73,28.34,28.18,28.98,29.49,19.5,24.44,28.2
2022-08-29,184,제주,,2.7,76.1,0.54,1.25,,6.76,1.98,13.74,29.93,28.33,28.8,29.07,20.8,25.67,29.6
2022-08-30,184,제주,3.31,2.51,79.18,0.56,1.25,,5.98,2.39,12.72,31.69,29.05,29.27,29.22,24.2,27.89,32.6
2022-08-31,184,제주,0.11,3.55,81.84,0.25,1.14,,8.85,5.44,18.33,29.12,29.13,29.5,29.49,23.2,25.81,28.9
2022-09-01,184,제주,0.0,3.79,81.77,0.04,0.46,,9.72,6.14,18.35,26.79,27.78,28.49,29.0,22.6,24.6,26.8
2022-09-02,184,제주,4.3,3.78,95.08,0.0,0.17,,9.86,6.02,7.9,23.86,26.28,27.03,27.92,20.7,23.19,25.0
2022-09-03,184,제주,0.67,4.16,92.32,0.13,0.85,,8.77,5.61,9.12,25.9,26.52,26.54,26.88,23.7,25.77,29.0
2022-09-04,184,제주,5.07,3.83,93.45,0.13,0.43,,9.11,5.38,10.07,25.98,27.31,27.32,27.3,22.8,25.82,29.8
2022-09-05,184,제주,4.8,7.33,96.19,0.01,0.28,,10.0,7.61,4.23,25.91,26.4,26.55,26.85,24.3,26.32,27.2
2022-09-06,184,제주,0.26,8.94,80.43,0.58,1.03,,5.4,4.35,5.62,24.59,25.23,25.69,26.16,21.0,23.67,28.5
2022-09-07,184,제주,,2.65,64.58,0.86,1.74,,1.85,0.51,36.33,24.78,25.17,25.48,25.83,18.7,23.81,28.8
2022-09-08,184,제주,,3.25,69.9,0.86,1.69,,4.59,0.56,27.75,25.38,25.77,26.02,26.11,20.6,23.93,28.8
2022-09-09,184,제주,,3.25,73.96,0.58,1.41,,6.27,3.16,25.93,25.13,26.1,26.3,26.32,20.0,23.83,27.3
2022-09-10,184,제주,0.02,3.66,82.07,0.3,0.99,,7.51,5.02,14.27,25.5,25.92,26.19,26.32,21.7,24.29,30.3
2022-09-11,184,제주,0.3,2.75,88.38,0.22,0.88,,8.1,6.51,8.99,26.67,26.28,26.29,26.2,22.5,24.84,29.0
2022-09-12,184,제주,0.66,3.03,90.61,0.0,0.3,,9.69,5.78,13.8,25.31,26.02,26.2,26.23,22.8,24.68,26.6
2022-09-13,184,제주,1.83,4.45,93.96,0.0,0.12,,9.49,6.96,7.01,24.32,25.3,25.54,25.8,23.6,24.41,25.3
2022-09-14,184,제주,0.25,5.21,90.01,0.22,0.86,,7.95,5.59,7.11,25.7,25.04,25.16,25.37,24.2,25.59,30.4
2022-09-15,184,제주,0.07,5.41,91.41,0.06,0.28,,8.7,6.31,10.26,25.91,25.18,25.17,25.25,24.7,26.05,28.1
2022-09-16,184,제주,0.1,3.13,84.6,0.6,1.33,,5.79,3.83,11.03,28.19,26.44,26.04,25.54,24.9,27.37,32.5
2022-09-17,184,제주,0.0,3.41,80.08,0.36,1.22,,7.04,3.96,15.54,27.26,27.1,26.85,26.35,24.0,26.32,30.3
2022-09-18,184,제주,0.0,5.19,77.2,0.49,1.29,,8.26,3.86,21.15,27.64,27.79,27.4,26.76,23.8,27.27,32.5
2022-09-19,184,제주,,7.57,72.49,0.73,1.42,,5.86,2.68,11.33,26.98,27.26,27.45,27.16,21.3,25.7,33.6
2022-09-20,184,제주,0.0,3.76,65.09,0.32,1.18,,7.29,5.42,14.95,24.6,25.71,26.28,26.56,20.6,22.48,25.7
2022-09-21,184,제주,0.0,3.31,62.99,0.46,1.23,,7.68,4.15,23.86,24.34,24.95,25.55,25.92,18.8,21.5,24.7
2022-09-22,184,제주,,2.92,72.21,0.41,1.06,,5.8,3.6,18.74,24.54,24.46,24.95,25.33,18.0,21.89,25.3
2022-09-23,184,제주,,3.4,71.56,0.48,1.29,,6.7,3.83,36.21,25.22,24.75,25.1,25.23,18.2,22.13,26.6
2022-09-24,184,제주,,3.83,61.11,0.56,1.46,,7.46,4.84,44.33,24.52,24.1,24.78,25.13,17.4,20.57,24.0
2022-09-25,184,제주,0.0,2.68,68.2,0.25,0.99,,8.58,4.99,33.03,25.05,24.28,24.71,25.0,18.6,22.0,26.2
2022-09-26,184,제주,,2.55,68.07,0.41,1.11,,7.83,5.85,35.26,26.1,24.46,24.81,24.97,18.9,22.22,26.2
2022-09-27,184,제주,0.14,2.6,70.01,0.75,1.41,,5.98,2.04,27.65,25.89,24.67,25.03,25.06,19.3,22.39,26.5
2022-09-28,184,제주,0.01,1.97,78.93,0.04,0.59,,8.99,4.75,25.09,24.62,24.55,24.81,25.04,19.7,22.83,26.1
2022-09-29,184,제주,0.02,2.35,72.7,0.47,1.22,,5.36,3.26,15.39,24.83,24.87,24.7,24.73,18.4,22.43,26.4
2022-09-30,184,제주,,2.21,67.75,0.84,1.56,,0.39,0.0,,25.27,23.95,24.26,24.54,16.4,21.66,26.3
2022-10-01,184,제주,,2.28,65.14,0.81,1.49,,1.71,0.38,37.31,26.17,23.5,23.64,23.98,15.9,22.04,26.5
2022-10-02,184,제주,,3.04,75.64,0.54,1.35,,3.58,2.11,10.86,25.7,24.17,24.0,24.15,17.3,23.52,30.3
2022-10-03,184,제주,,3.85,84.68,0.64,1.39,,3.93,2.27,8.33,28.32,24.92,24.86,24.72,22.7,25.62,29.3
2022-10-04,184,제주,0.28,4.94,85.13,0.03,0.28,,7.62,5.56,8.58,23.68,24.22,24.49,24.6,17.6,22.57,27.6
2022-10-05,184,제주,0.11,4.27,69.25,0.6,1.34,,7.15,4.54,16.55,22.65,22.45,22.94,23.69,16.1,19.38,23.9
2022-10-06,184,제주,0.07,3.57,72.41,0.11,0.66,,9.68,5.43,14.46,20.33,22.46,23.25,23.39,15.3,18.1,21.4
2022-10-07,184,제주,0.03,4.67,65.33,0.36,1.02,,8.24,5.2,20.6,19.15,21.5,22.49,22.73,14.0,17.33,20.8
2022-10-08,184,제주,0.82,3.46,76.16,0.04,0.48,,9.64,7.11,14.79,18.84,21.05,21.94,22.12,15.0,18.03,20.4
2022-10-09,184,제주,0.84,3.68,78.98,0.01,0.38,,9.88,5.93,14.24,19.28,20.85,21.56,21.55,15.8,18.77,21.1
2022-10-10,184,제주,0.13,7.18,62.17,0.5,0.93,,6.83,4.58,15.74,17.38,19.83,21.02,21.2,13.0,16.08,18.2
2022-10-11,184,제주,0.0,5.36,62.46,0.56,1.11,,5.07,2.95,11.81,17.34,19.38,20.27,20.47,12.9,16.45,20.1
2022-10-12,184,제주,,3.59,67.56,0.75,1.42,,2.03,1.22,10.14,18.77,20.33,20.77,20.46,11.6,17.41,21.5
2022-10-13,184,제주,,4.66,68.21,0.59,1.08,,4.57,3.07,11.87,20.28,20.83,21.28,20.75,17.1,19.75,23.0
2022-10-14,184,제주,,3.59,72.39,0.6,1.23,,3.55,2.31,11.39,20.95,20.85,21.13,20.58,16.3,19.6,22.9
2022-10-15,184,제주,,2.96,73.36,0.7,1.3,,3.74,2.23,8.79,21.46,21.7,21.7,20.81,15.8,19.91,24.3
2022-10-16,184,제주,,2.92,78.06,0.23,0.9,,6.28,4.77,17.17,21.76,22.28,22.32,21.29,17.5,20.39,23.2
2022-10-17,184,제주,,5.63,63.33,0.58,1.25,,4.77,3.07,24.13,19.49,21.81,22.2,21.38,12.7,17.31,23.1
2022-10-18,184,제주,,6.09,53.96,0.84,1.46,,1.95,1.43,13.07,17.52,20.53,21.25,20.91,11.5,14.42,19.7
2022-10-19,184,제주,,4.2,56.55,0.85,1.49,,0.68,0.46,11.5,17.69,19.96,20.58,20.32,11.3,14.72,19.7
2022-10-20,184,제주,,2.95,64.31,0.86,1.48,,0.85,0.19,34.0,18.52,19.65,20.2,19.88,11.5,16.11,20.5
2022-10-21,184,제주,,2.43,76.42,0.5,1.06,,6.62,2.83,31.18,20.46,20.01,20.28,19.74,13.5,18.84,24.0
2022-10-22,184,제주,0.0,2.56,75.62,0.22,0.74,,7.11,4.17,18.48,21.94,21.34,21.22,20.2,17.6,20.52,24.1
2022-10-23,184,제주,,4.9,68.59,0.74,1.24,,2.14,1.24,9.6,20.12,21.06,21.32,20.43,13.6,17.58,23.0
2022-10-24,184,제주,,6.14,51.73,0.79,1.36,,1.24,0.72,9.62,17.91,20.2,20.75,20.2,11.2,15.25,19.9
2022-10-25,184,제주,,3.81,53.57,0.76,1.31,,1.25,0.8,11.31,17.06,19.38,20.0,19.64,9.3,14.22,17.9
2022-10-26,184,제주,0.0,3.19,61.27,0.39,0.99,,6.84,5.18,22.17,18.87,19.67,19.93,19.34,13.9,17.57,23.4
2022-10-27,184,제주,,2.49,63.31,0.32,0.81,,6.82,3.88,35.43,18.42,19.93,20.21,19.46,13.2,17.02,21.0
2022-10-28,184,제주,,3.04,68.62,0.75,1.24,,3.95,0.99,52.1,18.55,19.46,19.81,19.2,12.4,16.65,22.4
2022-10-29,184,제주,0.0,3.8,70.17,0.54,0.98,,3.81,3.01,13.58,19.57,19.91,20.08,19.26,14.9,18.43,22.2
2022-10-30,184,제주,0.0,3.93,67.95,0.66,1.11,,3.57,2.64,11.69,19.62,19.95,20.13,19.31,13.9,17.96,21.2
2022-10-31,184,제주,,4.25,67.39,0.61,1.02,,3.86,2.44,16.44,19.35,19.75,20.05,19.27,15.7,17.59,20.5
2022-11-01,184,제주,,3.3,68.57,0.77,1.25,,2.7,0.98,19.69,19.13,19.82,19.98,19.17,14.0,17.18,21.9
2022-11-02,184,제주,,2.99,70.58,0.76,1.25,,1.3,0.88,10.21,18.71,20.08,20.25,19.33,11.9,16.39,21.1
2022-11-03,184,제주,,3.5,59.09,0.77,1.31,,2.47,0.42,31.0,17.97,19.22,19.67,19.07,10.1,15.97,21.0
2022-11-04,184,제주,,5.62,62.7,0.71,0.97,,4.5,2.9,15.26,16.2,18.92,19.53,18.95,9.8,13.16,18.0
2022-11-05,184,제주,,4.52,59.75,0.7,1.05,,3.51,2.2,9.78,15.34,17.76,18.51,18.29,9.1,12.52,16.7
2022-11-06,184,제주,,3.09,60.94,0.8,1.15,,2.41,0.83,13.94,14.97,17.42,18.12,17.85,7.5,12.6,17.6
2022-11-07,184,제주,,2.34,66.56,0.81,1.16,,1.29,0.46,12.72,15.49,17.13,17.72,17.45,7.9,13.46,18.0
2022-11-08,184,제주,,2.39,57.44,0.81,1.14,,0.22,0.0,,16.2,17.27,17.73,17.31,8.8,15.02,20.9
2022-11-09,184,제주,,2.35,62.57,0.8,1.11,,1.91,0.45,34.36,17.27,17.51,17.82,17.28,10.2,16.58,21.8
2022-11-10,184,제주,2.59,2.48,78.55,0.24,0.69,,7.85,5.65,12.12,18.47,18.4,18.44,17.57,13.8,18.51,23.5
2022-11-11,184,제주,0.03,3.31,75.67,0.62,1.11,,5.42,3.78,10.24,20.27,19.68,19.43,18.18,17.9,20.4,23.6
2022-11-12,184,제주,1.44,3.52,87.6,0.16,0.58,,7.07,5.01,7.76,20.22,19.75,19.8,18.68,17.3,20.87,24.0
2022-11-13,184,제주,0.59,6.16,78.94,0.34,0.26,,8.01,6.17,10.18,17.12,18.85,19.5,18.72,11.7,16.09,24.1
2022-11-14,184,제주,,4.32,67.55,0.52,0.87,,7.14,5.49,16.52,14.9,17.07,17.91,17.73,10.8,13.81,18.1
2022-11-15,184,제주,,3.63,64.19,0.73,1.09,,3.84,2.92,13.1,14.02,16.89,17.55,17.25,7.8,12.76,16.9
2022-11-16,184,제주,,2.71,66.34,0.75,1.0,,2.06,1.64,19.02,13.65,16.27,17.03,16.85,4.6,13.58,19.1
2022-11-17,184,제주,0.0,2.19,68.52,0.1,0.48,,8.8,6.28,32.42,14.73,16.27,16.86,16.53,11.0,14.59,17.6
2022-11-18,184,제주,,3.3,71.45,0.65,1.01,,5.23,3.06,15.23,16.92,16.88,17.17,16.56,14.0,16.84,20.7
2022-11-19,184,제주,0.2,3.35,71.05,0.43,0.75,,5.48,4.06,15.58,17.08,17.22,17.49,16.79,14.9,17.94,21.2
2022-11-20,184,제주,2.8,2.83,85.92,0.0,0.08,,8.31,5.53,9.66,15.65,17.08,17.55,16.89,14.4,16.15,18.5
2022-11-21,184,제주,0.0,2.09,76.85,0.74,1.11,,4.96,2.2,18.69,16.23,16.96,17.27,16.6,12.6,16.28,20.2
2022-11-22,184,제주,2.02,2.75,74.1,0.0,0.18,,8.69,5.78,23.01,14.65,16.49,17.07,16.6,13.1,15.91,18.8
2022-11-23,184,제주,1.68,4.14,76.66,0.48,0.61,,6.81,4.8,14.13,15.12,16.49,16.97,16.38,11.1,15.08,19.6
2022-11-24,184,제주,,3.1,62.96,0.8,1.02,,2.88,1.62,45.35,13.12,15.11,15.92,15.8,9.6,13.73,20.0
2022-11-25,184,제주,,2.6,61.92,0.7,1.04,,3.83,1.75,36.59,13.76,14.68,15.36,15.28,8.3,15.19,21.5
2022-11-26,184,제주,0.0,3.23,67.59,0.74,0.85,,2.69,1.91,14.46,14.5,15.62,15.96,15.41,10.1,15.3,20.2
2022-11-27,184,제주,,2.76,61.73,0.6,0.86,,4.96,1.74,41.23,13.68,14.84,15.44,15.17,8.3,14.78,19.4
2022-11-28,184,제주,2.1,4.33,79.05,0.22,0.71,,8.78,5.97,10.21,18.93,16.98,16.59,15.55,15.5,20.73,26.7
2022-11-29,184,제주,8.08,6.08,83.22,0.04,0.17,,9.09,6.1,9.46,16.2,17.98,18.18,16.92,8.6,15.78,21.0
2022-11-30,184,제주,0.0,6.78,67.41,0.0,0.14,,9.89,7.46,9.15,8.19,13.66,15.32,15.73,3.2,6.51,14.8
2022-12-01,184,제주,0.13,3.71,63.49,0.29,0.35,,8.65,6.27,12.88,7.19,11.24,12.84,13.79,2.3,5.18,8.7
2022-12-02,184,제주,0.02,3.07,64.53,0.56,0.78,,7.18,4.36,15.44,7.98,11.03,12.15,12.77,2.1,6.58,10.4
2022-12-03,184,제주,0.18,2.25,82.78,0.03,0.27,,9.08,7.24,9.61,10.35,11.42,12.18,12.48,5.0,10.61,14.1
2022-12-04,184,제주,0.28,4.63,69.18,0.03,0.49,,8.52,6.23,18.74,9.69,12.08,12.79,12.72,6.1,9.19,13.6
2022-12-05,184,제주,0.0,5.61,61.89,0.19,0.5,,7.22,4.66,18.18,6.97,10.78,11.98,12.41,3.2,6.81,12.6
2022-12-06,184,제주,,4.92,57.14,0.56,0.8,,4.26,3.15,15.28,7.09,10.05,11.07,11.65,1.0,7.67,12.1
2022-12-07,184,제주,,3.87,57.3,0.6,0.79,,4.47,2.76,18.36,8.89,11.02,11.59,11.67,2.2,9.92,15.6
2022-12-08,184,제주,,2.27,61.41,0.13,0.59,,6.55,3.94,38.06,8.53,10.71,11.48,11.65,1.8,9.33,14.1
2022-12-09,184,제주,,2.09,56.31,0.08,0.42,,7.91,7.21,30.76,9.65,11.32,11.81,11.7,6.5,11.0,14.9
2022-12-10,184,제주,0.04,3.01,68.96,0.12,0.58,,7.71,5.77,23.43,10.84,11.93,12.31,11.92,8.0,11.25,16.5
2022-12-11,184,제주,0.0,5.01,60.04,0.53,0.54,,5.4,3.95,17.63,9.28,12.05,12.62,12.28,5.2,9.25,12.1
2022-12-12,184,제주,0.0,4.17,65.64,0.12,0.27,,6.76,4.29,19.6,7.64,10.55,11.58,11.79,4.9,8.57,14.3
2022-12-13,184,제주,,6.59,53.65,0.52,0.54,,5.68,5.16,12.14,8.97,10.94,11.55,11.52,6.0,9.6,12.2
2022-12-14,184,제주,0.15,6.6,65.47,0.31,0.5,,7.96,6.86,10.25,6.33,10.3,11.38,11.55,1.1,4.39,7.4
2022-12-15,184,제주,0.05,2.42,62.38,0.58,0.77,,4.96,4.39,12.13,6.97,9.52,10.47,10.8,0.3,5.99,11.0
2022-12-16,184,제주,0.09,3.93,67.82,0.04,0.11,,9.06,6.78,15.27,6.64,9.27,10.28,10.57,3.2,6.63,11.6
2022-12-17,184,제주,0.45,7.1,73.48,0.12,0.25,1.3,9.33,7.29,7.84,4.94,8.35,9.58,10.06,-0.7,3.49,7.7
2022-12-18,184,제주,0.62,9.19,72.02,0.25,0.4,3.34,8.35,6.69,6.55,3.05,6.91,8.49,9.43,-2.1,1.47,3.6
2022-12-19,184,제주,0.17,4.33,63.76,0.35,0.51,3.61,7.23,6.08,11.54,4.74,7.02,8.08,8.8,-0.2,5.16,9.1
2022-12-20,184,제주,,2.46,64.11,0.76,1.02,,4.35,2.6,13.54,7.52,8.33,8.85,8.84,2.8,8.45,12.6
2022-12-21,184,제주,1.5,5.05,75.75,0.1,0.18,,8.81,5.96,10.72,8.79,9.19,9.6,9.27,6.2,9.62,13.5
2022-12-22,184,제주,0.92,7.84,77.41,0.15,0.14,0.96,8.47,6.67,7.08,4.18,7.79,8.99,9.12,-1.1,2.99,7.9
2022-12-23,184,제주,0.71,9.59,76.46,0.17,0.31,2.6,8.28,7.06,5.6,2.49,5.75,7.29,8.08,-1.6,0.97,3.4
2022-12-24,184,제주,0.3,6.99,74.79,0.18,0.11,3.85,8.2,7.53,6.53,3.35,5.2,6.43,7.14,0.2,3.2,6.2
2022-12-25,184,제주,,4.96,69.59,0.39,0.3,,5.33,4.38,8.97,4.5,5.97,6.67,6.78,2.0,5.61,10.9
2022-12-26,184,제주,,4.24,68.81,0.23,0.32,,6.31,5.04,12.45,5.51,6.47,7.0,6.81,2.4,6.39,10.9
2022-12-27,184,제주,,3.98,67.83,0.32,0.34,,5.7,5.1,9.03,5.8,7.06,7.49,7.02,3.7,6.58,10.6
2022-12-28,184,제주,0.0,4.18,61.8,0.19,0.38,,7.14,5.05,15.17,5.58,7.15,7.6,7.06,3.8,6.6,9.9
2022-12-29,184,제주,,4.04,63.41,0.26,0.45,,7.86,5.51,13.42,5.28,7.06,7.53,7.04,3.0,5.67,8.2
2022-12-30,184,제주,,3.82,57.38,0.34,0.52,,7.22,5.64,14.68,5.88,7.19,7.56,6.98,2.0,6.28,8.8
2022-12-31,184,제주,,4.23,58.58,0.69,0.91,,3.89,3.1,13.34,5.94,7.7,7.9,7.15,-1.0,6.3,10.9
2023-01-01,184,제주,,4.01,62.72,0.38,0.5,,5.97,3.86,18.82,6.33,7.67,7.93,7.28,-0.1,7.56,12.5
2023-01-02,184,제주,,4.79,60.56,0.54,0.57,,6.75,5.26,20.33,6.16,7.69,8.08,7.41,2.4,5.79,10.7
2023-01-03,184,제주,,5.03,60.81,0.51,0.65,,6.09,5.23,9.71,6.27,7.53,7.89,7.32,2.6,5.75,9.8
2023-01-04,184,제주,,3.25,64.09,0.8,1.04,,1.67,1.07,9.0,6.14,7.96,8.13,7.42,0.9,5.97,10.8
2023-01-05,184,제주,,2.38,64.55,0.58,0.73,,2.97,1.74,11.74,6.78,7.97,8.18,7.57,2.1,7.72,13.2
2023-01-06,184,제주,0.27,2.65,69.03,0.07,0.36,,6.86,4.79,18.65,7.42,8.34,8.46,7.72,3.9,8.68,12.3
2023-01-07,184,제주,0.19,6.98,54.2,0.73,0.95,,2.54,2.07,14.54,7.37,8.75,8.94,8.05,1.3,8.42,11.9
2023-01-08,184,제주,,1.98,63.61,0.8,1.0,,0.11,0.03,3.0,7.54,8.36,8.62,7.95,0.1,8.56,14.4
2023-01-09,184,제주,,4.07,68.53,0.45,0.56,,3.29,2.64,8.28,9.45,8.8,8.87,8.04,5.3,11.07,17.3
2023-01-10,184,제주,,2.96,64.73,0.68,1.06,,2.47,1.78,14.0,8.86,8.83,8.98,8.17,3.7,9.27,15.3
2023-01-11,184,제주,,2.12,66.65,0.83,1.07,,0.85,0.35,23.38,10.01,9.5,9.43,8.42,5.1,10.4,16.3
2023-01-12,184,제주,2.41,3.09,83.52,0.1,0.29,,5.3,3.78,7.67,10.58,9.66,9.67,8.73,6.6,13.05,16.4
2023-01-13,184,제주,4.42,5.25,95.05,0.0,0.12,,9.62,7.76,3.77,15.93,12.9,11.81,9.83,14.3,16.78,20.5
2023-01-14,184,제주,1.81,3.98,93.52,0.08,0.14,,8.99,7.55,4.91,13.19,12.95,12.81,11.16,8.7,12.29,17.2
2023-01-15,184,제주,0.42,6.14,81.69,0.0,0.11,,9.24,7.74,7.0,8.17,10.55,11.32,10.65,3.2,7.03,13.3
2023-01-16,184,제주,,6.23,66.76,0.3,0.22,,7.94,7.08,9.18,5.19,7.9,9.12,9.28,0.8,3.89,7.5
2023-01-17,184,제주,0.0,4.32,66.24,0.14,0.12,,8.36,7.42,9.43,4.89,6.83,7.88,8.18,0.9,4.39,8.4
2023-01-18,184,제주,0.0,3.38,61.19,0.16,0.3,,8.21,7.31,11.19,5.81,6.91,7.59,7.61,3.0,5.58,9.4
2023-01-19,184,제주,0.0,3.91,57.64,0.22,0.47,,7.75,7.18,11.67,6.44,7.52,7.94,7.64,3.5,6.61,9.0
2023-01-20,184,제주,0.0,5.27,57.15,0.48,0.75,,5.81,5.25,13.14,5.98,7.92,8.33,7.82,0.8,5.96,9.7
2023-01-21,184,제주,,3.12,66.71,0.28,0.66,,6.12,5.36,12.89,4.08,7.02,7.82,7.6,0.0,2.87,6.6
2023-01-22,184,제주,1.19,3.18,75.66,0.0,0.17,,8.66,6.51,10.99,5.29,6.45,7.09,7.0,0.2,6.44,9.7
2023-01-23,184,제주,0.73,4.59,67.5,0.38,0.82,,7.06,5.66,15.9,7.87,7.82,7.95,7.23,4.4,8.15,12.3
2023-01-24,184,제주,0.45,9.01,73.07,0.11,0.26,0.99,9.04,8.08,6.49,2.56,6.44,7.55,7.43,-4.9,-1.35,6.4
2023-01-25,184,제주,0.33,3.28,69.03,0.51,0.79,2.08,7.55,6.88,8.81,2.3,5.2,6.25,6.58,-4.5,-1.35,2.9
2023-01-26,184,제주,0.06,2.23,64.68,0.25,0.63,,8.85,7.54,11.2,5.59,5.71,6.19,6.15,-0.7,5.33,10.3
2023-01-27,184,제주,0.4,6.57,75.08,0.16,0.38,1.67,8.84,8.01,7.55,4.14,6.18,6.87,6.57,-0.8,2.63,6.2
2023-01-28,184,제주,0.12,4.71,66.28,0.22,0.35,1.3,7.95,7.78,8.89,3.23,4.88,5.85,6.08,-1.0,1.84,4.7
2023-01-29,184,제주,0.0,3.21,57.06,0.03,0.27,0.2,7.59,7.14,11.93,4.43,5.1,5.69,5.69,2.1,5.74,8.1
2023-01-30,184,제주,,2.91,50.98,0.75,1.2,,2.14,1.73,10.53,5.55,6.4,6.57,6.02,0.8,5.94,9.8
2023-01-31,184,제주,,2.3,60.25,0.74,1.19,,2.12,1.38,14.32,6.21,6.5,6.8,6.28,-0.8,7.15,14.0
2023-02-01,184,제주,,2.79,66.12,0.64,0.99,,5.2,1.97,25.31,8.82,8.0,7.85,6.8,3.6,9.99,15.2
2023-02-02,184,제주,,3.04,57.65,0.65,1.16,,5.43,3.27,30.35,6.77,8.1,8.28,7.29,1.4,5.42,9.8
2023-02-03,184,제주,,2.93,62.6,0.38,0.66,,7.01,4.48,13.74,6.56,7.7,8.08,7.33,3.0,5.35,11.0
2023-02-04,184,제주,,2.6,61.2,0.76,1.2,,2.44,1.42,12.98,6.88,7.92,8.08,7.22,1.7,5.74,11.1
2023-02-05,184,제주,,1.96,58.04,0.73,1.23,,2.48,0.73,20.26,7.0,7.83,8.09,7.33,-1.9,6.11,11.9
2023-02-06,184,제주,0.86,2.56,67.72,0.0,0.23,,9.61,5.61,25.16,6.79,7.85,8.11,7.38,3.4,7.97,11.4
2023-02-07,184,제주,0.15,3.17,69.25,0.45,0.98,,6.18,3.68,21.23,10.03,9.28,9.01,7.7,5.5,10.35,14.8
2023-02-08,184,제주,,3.75,54.41,0.78,1.27,,3.35,1.6,46.86,8.82,9.09,9.22,8.2,4.6,9.13,15.6
2023-02-09,184,제주,1.96,3.61,65.96,0.01,0.37,,9.35,7.19,23.45,8.51,9.32,9.41,8.38,6.1,9.62,13.2
2023-02-10,184,제주,6.52,4.66,80.71,0.3,0.57,,6.21,4.94,9.35,9.74,9.85,9.84,8.65,5.7,9.16,14.5
2023-02-11,184,제주,0.08,2.3,76.91,0.0,0.37,,7.91,5.76,16.11,8.41,9.09,9.36,8.6,4.8,9.28,12.8
2023-02-12,184,제주,8.04,3.69,81.77,0.08,0.24,,7.91,5.23,10.54,9.63,9.72,9.76,8.75,6.9,10.78,13.5
2023-02-13,184,제주,1.32,4.38,86.24,0.0,0.36,,8.41,6.45,6.68,9.72,10.41,10.39,9.18,6.6,9.27,11.6
2023-02-14,184,제주,,5.12,70.06,0.66,1.22,,5.03,3.86,10.32,8.19,9.95,10.2,9.27,3.0,6.63,11.5
2023-02-15,184,제주,0.51,3.63,75.0,0.16,0.41,,7.5,5.58,12.56,6.91,8.54,9.23,8.88,3.2,5.96,10.7
2023-02-16,184,제주,0.43,2.69,82.6,0.07,0.3,,7.2,5.67,8.3,8.09,8.41,8.84,8.37,4.6,7.39,12.1
2023-02-17,184,제주,0.35,1.77,85.6,0.01,0.38,,7.95,5.53,11.64,8.62,8.63,8.81,8.23,4.0,9.38,14.3
2023-02-18,184,제주,0.97,2.2,89.27,0.0,0.24,,9.29,7.1,7.67,12.59,10.79,10.43,9.1,11.5,13.72,16.3
2023-02-19,184,제주,0.84,6.44,75.6,0.25,0.5,,7.73,5.3,8.28,10.11,10.89,11.08,9.86,3.5,9.08,13.6
2023-02-20,184,제주,,5.68,56.15,0.69,1.3,,2.74,2.09,12.31,7.12,8.72,9.4,9.08,1.4,5.95,12.0
2023-02-21,184,제주,,4.63,52.71,0.76,1.4,,3.86,2.35,23.07,6.11,8.16,8.8,8.53,0.0,3.21,7.4
2023-02-22,184,제주,,2.4,70.02,0.29,0.77,,7.05,4.95,11.55,7.75,8.14,8.57,8.25,2.5,7.56,12.6
2023-02-23,184,제주,1.43,3.16,81.98,0.14,0.64,,9.52,7.42,10.73,9.59,9.19,9.35,8.55,6.0,7.9,12.3
2023-02-24,184,제주,1.22,4.33,65.75,0.49,1.08,,6.24,3.92,19.36,9.79,9.66,9.74,8.83,5.6,8.74,14.2
2023-02-25,184,제주,,6.15,56.93,0.56,0.87,,3.75,2.69,12.1,6.83,8.58,9.3,8.84,2.3,5.36,10.3
2023-02-26,184,제주,,3.74,54.31,0.85,1.68,,0.96,0.92,8.71,7.6,8.58,8.83,8.3,0.7,5.49,10.8
2023-02-27,184,제주,,2.17,62.76,0.85,1.68,,0.6,0.25,15.56,9.64,9.27,9.39,8.6,1.8,7.93,13.5
2023-02-28,184,제주,,2.77,66.42,0.84,1.68,,2.1,1.21,15.74,11.67,10.68,10.44,9.23,2.8,10.57,16.3
2023-03-01,184,제주,1.73,4.18,75.38,0.15,0.44,,8.26,4.84,12.6,11.27,11.93,11.8,10.31,6.4,11.41,14.4
2023-03-02,184,제주,,5.86,46.96,0.86,1.66,,2.41,0.96,20.07,8.11,10.14,10.61,9.9,3.5,6.48,9.9
2023-03-03,184,제주,,3.02,51.91,0.68,1.49,,4.06,1.84,48.57,8.86,9.75,10.1,9.43,2.4,7.46,12.3
2023-03-04,184,제주,,2.56,55.38,0.72,1.43,,4.06,1.7,40.1,11.05,10.96,10.88,9.74,1.5,9.83,14.9
2023-03-05,184,제주,0.6,2.53,60.49,0.65,1.46,,1.61,0.69,15.29,11.73,11.56,11.47,10.25,6.4,10.9,16.3
2023-03-06,184,제주,,2.58,63.73,0.75,1.52,,0.44,0.38,13.31,12.78,12.34,12.12,10.74,5.4,11.68,17.0
2023-03-07,184,제주,,3.55,63.36,0.77,1.42,,0.91,0.0,,14.11,13.19,12.83,11.27,8.9,13.68,22.0
2023-03-08,184,제주,,3.88,68.1,0.61,1.25,,3.95,1.23,20.97,14.48,13.8,13.49,11.88,9.7,14.47,20.3
2023-03-09,184,제주,0.0,3.49,79.98,0.51,1.11,,4.89,2.56,11.76,16.57,14.84,14.33,12.5,9.1,15.08,21.0
2023-03-10,184,제주,,1.83,79.9,0.67,1.31,,1.76,1.22,5.43,16.0,14.98,14.69,12.96,6.9,12.92,19.6
2023-03-11,184,제주,,2.59,75.67,0.63,1.37,,4.93,1.56,41.72,16.52,15.18,14.92,13.28,10.0,14.82,19.8
2023-03-12,184,제주,1.9,5.3,78.35,0.07,0.28,,8.96,5.82,12.95,13.24,14.52,14.86,13.53,5.1,12.67,20.4
2023-03-13,184,제주,,4.67,49.82,0.81,1.74,,2.74,1.16,20.69,10.32,12.08,12.75,12.24,2.9,6.46,11.8
2023-03-14,184,제주,,3.63,60.98,0.84,1.76,,0.17,0.07,9.57,12.56,12.37,12.58,11.78,3.7,10.58,15.9
2023-03-15,184,제주,,3.41,68.26,0.64,1.49,,4.0,2.06,14.73,15.72,14.19,13.83,12.35,8.9,15.72,21.0
2023-03-16,184,제주,,4.17,60.47,0.77,1.58,,3.78,1.75,23.46,14.78,15.53,15.21,13.38,7.3,11.49,16.5
2023-03-17,184,제주,4.09,3.05,77.72,0.01,0.27,,9.67,5.97,16.47,12.03,14.37,14.72,13.52,8.9,11.35,15.0
2023-03-18,184,제주,0.08,4.43,60.9,0.75,1.73,,4.78,3.22,26.09,13.22,14.18,14.19,12.98,8.5,11.42,16.2
2023-03-19,184,제주,,3.1,63.59,0.68,1.58,,4.71,1.53,44.61,12.89,14.02,14.22,13.05,6.7,10.49,15.6
2023-03-20,184,제주,,1.53,70.26,0.04,0.63,,7.9,6.24,22.88,12.52,13.88,14.12,13.04,4.9,11.93,15.5
2023-03-21,184,제주,2.17,2.72,88.82,0.06,0.48,,8.58,6.91,7.52,15.22,14.81,14.69,13.32,11.6,15.04,18.5
2023-03-22,184,제주,0.78,2.64,93.11,0.02,0.57,,8.38,6.58,6.01,16.88,16.25,15.71,13.86,13.8,16.84,21.7
2023-03-23,184,제주,1.15,3.2,92.22,0.07,0.38,,9.17,7.15,8.96,16.6,16.62,16.52,14.78,10.7,15.52,20.1
2023-03-24,184,제주,1.98,3.31,86.1,0.0,0.34,,9.62,7.55,6.73,13.55,14.76,15.22,14.28,9.6,12.27,16.6
2023-03-25,184,제주,0.86,2.97,84.14,0.0,0.35,,9.79,7.3,7.16,13.74,14.21,14.5,13.67,11.3,12.95,14.9
2023-03-26,184,제주,0.06,4.3,65.58,0.59,1.5,,5.43,3.48,14.53,14.26,14.79,14.76,13.58,8.0,12.12,17.0
2023-03-27,184,제주,,4.48,44.69,0.81,1.9,,3.61,1.76,48.46,13.16,14.6,14.8,13.69,6.9,10.68,16.1
2023-03-28,184,제주,,2.79,48.04,0.83,1.68,,1.06,0.1,5.5,13.84,14.81,14.98,13.76,5.0,12.21,17.8
2023-03-29,184,제주,,2.24,66.23,0.82,1.73,,4.69,1.16,25.89,16.34,15.78,15.64,14.13,7.6,13.26,18.2
2023-03-30,184,제주,,2.43,61.92,0.2,1.09,,8.07,5.33,40.05,15.61,15.98,15.94,14.52,8.1,14.3,18.5
2023-03-31,184,제주,0.47,2.8,55.57,0.8,1.74,,4.83,2.26,23.35,17.89,17.45,16.95,15.02,11.8,16.38,22.6
2023-04-01,184,제주,,3.22,64.15,0.74,1.55,,4.68,1.05,32.78,18.01,17.63,17.42,15.65,12.2,16.7,21.1
2023-04-02,184,제주,,4.4,54.41,0.89,1.86,,0.66,0.48,5.17,18.37,18.19,17.87,16.0,13.2,16.46,20.6
2023-04-03,184,제주,,4.69,63.21,0.76,1.84,,4.26,2.16,14.2,18.72,18.41,18.09,16.3,12.6,15.97,21.3
2023-04-04,184,제주,0.24,5.61,79.36,0.0,0.34,,9.58,5.27,18.4,16.91,18.02,18.05,16.5,14.6,17.31,20.1
2023-04-05,184,제주,5.13,6.19,92.6,0.0,0.16,,9.55,7.27,6.16,16.39,17.36,17.47,16.17,11.3,15.57,20.6
2023-04-06,184,제주,1.27,4.12,82.75,0.1,0.36,,8.93,7.85,6.27,14.36,15.85,16.37,15.58,8.3,11.9,15.3
2023-04-07,184,제주,0.79,5.3,75.45,0.57,1.28,,5.81,4.34,10.03,14.83,15.17,15.57,14.85,8.3,11.66,17.1
2023-04-08,184,제주,,5.26,49.45,0.92,2.01,,0.86,0.35,33.33,13.79,14.93,15.32,14.56,5.6,10.93,15.5
2023-04-09,184,제주,,2.84,43.48,0.89,1.94,,0.19,0.01,,15.47,15.74,15.84,14.68,4.9,12.39,18.0
2023-04-10,184,제주,,3.95,64.68,0.85,1.71,,2.77,0.44,40.92,16.56,16.52,16.47,15.09,5.5,13.82,17.6
2023-04-11,184,제주,0.06,5.04,77.23,0.35,1.13,,6.95,4.83,13.8,18.7,17.86,17.4,15.69,12.4,17.68,24.5
2023-04-12,184,제주,,4.11,46.83,0.79,1.86,,1.74,0.96,14.38,18.44,19.06,18.62,16.63,10.4,14.8,20.1
2023-04-13,184,제주,,2.77,51.68,0.79,1.78,,3.86,0.3,48.33,18.56,18.41,18.31,16.75,5.0,14.53,19.6
2023-04-14,184,제주,1.42,3.66,88.14,0.0,0.18,,9.55,6.93,10.9,16.06,18.07,18.32,16.94,14.2,15.52,17.7
2023-04-15,184,제주,0.43,3.96,87.04,0.31,1.11,,7.84,5.35,8.86,17.62,17.57,17.56,16.36,11.9,14.95,19.8
2023-04-16,184,제주,,5.59,69.51,0.65,1.62,,3.68,1.92,12.9,16.94,17.4,17.54,16.35,10.3,14.08,18.8
2023-04-17,184,제주,,3.36,59.55,0.82,1.8,,1.9,0.66,19.27,18.08,17.62,17.56,16.28,8.5,15.14,22.4
2023-04-18,184,제주,0.08,6.04,82.64,0.29,0.99,,6.75,5.34,6.84,20.45,19.72,19.06,17.15,15.8,19.83,28.5
2023-04-19,184,제주,0.04,2.63,92.34,0.04,0.81,,7.85,6.1,7.31,21.26,21.07,20.45,18.33,16.1,18.85,22.0
2023-04-20,184,제주,,2.21,80.02,0.76,1.64,,2.93,0.19,8.25,22.82,21.26,20.72,18.7,13.0,18.35,22.9
2023-04-21,184,제주,,4.56,76.39,0.58,1.43,,3.38,1.43,10.93,21.49,21.57,21.18,19.22,12.5,17.28,25.4
2023-04-22,184,제주,,4.87,57.84,0.63,1.56,,3.25,1.47,16.94,20.31,20.95,20.89,19.21,12.3,15.95,20.1
2023-04-23,184,제주,,5.15,57.95,0.14,1.01,,7.71,4.46,28.01,18.26,19.96,20.16,18.86,12.2,15.24,19.3
2023-04-24,184,제주,0.37,4.21,69.49,0.0,0.26,,9.8,6.02,15.54,14.74,18.72,19.31,18.35,11.5,13.87,15.9
2023-04-25,184,제주,0.51,2.71,89.74,0.0,0.16,,9.5,7.1,5.9,14.17,17.0,17.78,17.26,11.3,12.68,14.6
2023-04-26,184,제주,,4.5,65.95,0.8,1.74,,1.06,0.72,8.36,16.83,17.0,17.24,16.5,7.9,13.37,19.7
2023-04-27,184,제주,,2.78,67.1,0.82,1.82,,3.36,0.23,51.4,17.92,17.55,17.68,16.67,5.6,12.96,17.1
2023-04-28,184,제주,0.59,2.9,75.47,0.19,0.97,,7.05,4.18,17.0,18.26,18.68,18.6,17.22,10.7,16.9,23.2
2023-04-29,184,제주,0.61,4.39,91.88,0.0,0.18,,9.39,6.7,9.91,17.51,19.08,19.19,17.77,11.8,16.25,20.1
2023-04-30,184,제주,,3.89,59.41,0.82,1.89,,2.33,0.53,38.12,18.02,18.1,18.22,17.17,9.7,15.03,20.9
2023-05-01,184,제주,,3.22,58.59,0.82,1.86,,0.18,0.06,18.83,21.23,19.48,19.23,17.63,8.1,16.56,21.5
2023-05-02,184,제주,,2.95,58.44,0.77,1.81,,4.06,0.04,64.0,21.88,20.34,19.99,18.28,11.1,17.53,24.2
2023-05-03,184,제주,3.71,3.44,81.36,0.01,0.19,,8.94,5.32,16.72,17.5,19.74,20.05,18.66,14.6,17.25,20.1
2023-05-04,184,제주,7.23,5.5,96.6,0.0,0.09,,9.8,7.23,4.9,17.48,18.22,18.61,17.79,15.1,17.63,23.0
2023-05-05,184,제주,1.47,7.5,94.98,0.0,0.15,,9.38,8.18,3.18,19.77,19.86,19.42,18.01,17.6,20.27,26.2
2023-05-06,184,제주,0.13,3.85,93.52,0.22,0.82,,8.51,6.92,6.01,20.72,21.15,20.66,18.92,14.5,17.2,22.4
2023-05-07,184,제주,0.97,4.19,91.32,0.0,0.19,,8.73,7.9,6.08,15.96,19.21,19.89,18.97,12.4,14.35,16.3
2023-05-08,184,제주,0.1,3.38,65.27,0.71,1.59,,6.62,1.34,30.3,17.31,18.38,18.58,17.85,10.9,14.71,18.8
2023-05-09,184,제주,,2.78,59.66,0.85,1.91,,2.29,0.08,,19.15,19.21,19.12,18.0,11.2,16.16,22.3
2023-05-10,184,제주,,2.83,56.93,0.81,1.86,,4.14,1.03,49.83,21.16,20.5,20.23,18.66,12.1,18.08,23.6
2023-05-11,184,제주,,2.47,70.08,0.64,1.58,,6.66,3.15,35.39,21.97,21.42,21.08,19.34,14.2,18.12,22.0
2023-05-12,184,제주,0.24,2.32,78.54,0.01,0.58,,8.83,5.8,18.41,19.28,21.03,21.08,19.6,13.0,17.06,20.5
2023-05-13,184,제주,0.72,2.45,92.83,0.11,0.74,,7.89,6.29,5.71,18.21,20.1,20.37,19.24,12.8,15.42,18.0
2023-05-14,184,제주,,2.31,84.79,0.53,1.41,,3.19,1.72,16.14,20.18,20.16,20.07,18.88,10.7,16.71,22.9
2023-05-15,184,제주,0.9,2.75,82.83,0.46,1.09,,4.93,2.18,15.27,19.86,20.2,20.34,19.15,12.8,18.07,24.0
2023-05-16,184,제주,,2.95,84.18,0.7,1.78,,2.94,1.97,13.5,22.98,21.36,20.81,19.24,11.4,19.4,26.1
2023-05-17,184,제주,,3.01,83.95,0.36,1.43,,7.28,3.36,15.32,23.4,22.67,22.16,20.25,15.7,20.94,24.9
2023-05-18,184,제주,3.73,4.54,92.72,0.02,0.67,,9.05,6.73,6.46,19.83,22.01,22.24,20.75,15.8,18.51,22.4
2023-05-19,184,제주,0.92,3.71,84.95,0.38,1.33,,6.35,4.57,8.05,21.41,21.62,21.43,20.18,16.3,18.88,23.3
2023-05-20,184,제주,,2.44,83.66,0.49,1.48,,6.31,3.84,9.42,22.88,22.8,22.36,20.67,15.3,18.67,23.1
2023-05-21,184,제주,,2.85,87.21,0.42,1.1,,6.79,4.91,4.2,22.42,23.01,22.9,21.21,13.7,17.3,21.0
2023-05-22,184,제주,0.14,3.0,78.46,0.05,0.53,,7.49,4.79,20.68,18.8,21.91,22.31,21.08,14.5,17.05,21.1
2023-05-23,184,제주,,2.69,70.86,0.83,1.9,,0.62,0.04,8.0,22.65,21.76,21.64,20.46,14.1,18.11,24.2
2023-05-24,184,제주,0.0,1.71,73.0,0.27,0.9,,6.65,3.98,35.03,20.75,22.06,22.22,20.86,13.5,18.18,21.9
2023-05-25,184,제주,,2.56,63.47,0.72,1.82,,5.51,3.4,22.12,24.66,23.03,22.58,20.95,15.7,20.21,25.6
2023-05-26,184,제주,,2.51,81.78,0.33,1.44,,6.67,4.9,14.94,25.96,24.25,23.65,21.74,18.1,21.47,26.1
2023-05-27,184,제주,0.13,3.55,84.28,0.01,0.7,,9.43,5.2,15.81,24.22,24.57,24.32,22.42,20.4,21.91,26.2
2023-05-28,184,제주,0.33,4.07,91.39,0.16,1.4,,8.19,6.65,9.05,25.53,25.3,24.51,22.56,20.3,22.21,26.9
2023-05-29,184,제주,0.47,3.49,94.27,0.05,0.95,,9.21,8.04,5.01,25.4,26.18,25.53,23.38,19.9,22.52,29.9
2023-05-30,184,제주,1.72,1.97,97.69,0.0,0.33,,9.54,8.01,5.21,22.81,25.02,25.15,23.53,18.9,20.77,23.6
2023-05-31,184,제주,2.05,3.54,87.16,0.35,1.3,,7.43,5.47,9.06,23.15,23.98,24.01,22.86,18.0,20.22,24.1
2023-06-01,184,제주,4.4,1.76,93.89,0.06,0.54,,8.4,6.58,6.65,22.44,24.02,24.15,22.87,19.3,21.04,24.2
2023-06-02,184,제주,0.48,3.31,86.72,0.55,1.52,,4.96,4.04,11.12,24.79,24.6,24.29,22.9,18.1,21.76,27.2
2023-06-03,184,제주,,3.36,71.68,0.81,1.93,,1.99,1.24,17.31,24.33,25.08,24.85,23.29,17.1,20.75,26.1
2023-06-04,184,제주,0.0,2.34,52.19,0.22,1.21,,8.3,5.49,37.08,23.31,24.99,24.97,23.53,17.8,22.1,27.7
2023-06-05,184,제주,0.48,2.54,65.2,0.0,0.31,,9.97,8.03,18.97,20.28,24.16,24.65,23.47,15.0,19.86,22.8
2023-06-06,184,제주,3.5,2.69,92.86,0.22,0.88,,7.12,5.38,4.85,20.2,22.5,23.02,22.4,15.3,18.17,21.8
2023-06-07,184,제주,,2.59,84.95,0.6,1.6,,5.57,2.14,13.76,22.71,23.11,23.07,22.08,14.2,19.28,24.7
2023-06-08,184,제주,0.08,2.03,89.16,0.24,1.27,,7.12,4.85,15.32,23.53,24.42,24.15,22.71,18.3,20.47,26.2
2023-06-09,184,제주,,2.92,86.53,0.66,1.69,,4.04,1.35,7.67,25.15,25.16,24.75,23.12,16.7,21.2,26.0
2023-06-10,184,제주,,2.72,82.68,0.64,1.85,,4.22,2.09,13.61,26.82,26.33,25.68,23.79,17.5,22.56,29.9
2023-06-11,184,제주,0.0,2.0,89.92,0.34,1.23,,6.66,4.41,5.55,26.97,26.83,26.41,24.51,19.6,22.24,26.0
2023-06-12,184,제주,0.4,1.9,90.8,0.37,1.3,,6.67,4.75,8.8,27.22,26.82,26.39,24.66,19.4,22.07,25.1
2023-06-13,184,제주,0.0,1.92,88.51,0.24,0.94,,8.19,5.82,20.96,26.64,26.52,26.29,24.82,18.9,21.65,25.3
2023-06-14,184,제주,,2.09,76.13,0.62,1.42,,6.03,2.68,38.24,27.63,26.46,26.07,24.79,18.0,22.27,27.6
2023-06-15,184,제주,,2.46,75.05,0.72,1.86,,2.0,1.15,20.39,28.11,26.82,26.42,25.03,18.5,21.81,26.6
2023-06-16,184,제주,,2.03,72.72,0.65,1.64,,4.52,0.05,31.0,27.58,26.62,26.37,25.15,17.5,21.69,25.5
2023-06-17,184,제주,,2.26,73.75,0.61,1.75,,6.24,1.56,45.04,29.02,26.72,26.37,25.12,15.9,22.5,26.9
2023-06-18,184,제주,0.19,1.76,78.17,0.05,0.78,,9.47,5.45,24.05,26.68,26.89,26.7,25.43,19.6,22.83,26.3
2023-06-19,184,제주,,2.61,74.76,0.69,1.7,,4.99,1.3,16.95,28.34,26.52,26.26,25.13,16.6,23.08,29.9
2023-06-20,184,제주,2.32,3.78,87.4,0.09,0.64,,8.94,6.99,10.85,25.34,26.66,26.59,25.37,21.3,23.63,27.2
2023-06-21,184,제주,0.03,4.08,90.3,0.11,0.4,,7.18,6.57,5.27,24.51,25.53,25.74,25.02,20.1,22.42,26.8
2023-06-22,184,제주,,3.24,79.54,0.44,1.48,,7.39,1.89,10.81,26.65,25.78,25.58,24.6,19.0,22.67,27.5
2023-06-23,184,제주,,2.0,78.78,0.71,1.81,,7.01,0.66,38.0,28.25,26.7,26.36,25.01,17.8,22.67,26.6
2023-06-24,184,제주,,3.4,78.47,0.34,1.33,,9.17,4.61,21.12,28.03,27.28,26.97,25.52,20.2,23.99,29.0
2023-06-25,184,제주,3.83,3.64,94.14,0.0,0.19,,9.98,6.93,6.89,22.84,25.32,25.75,25.22,20.1,22.45,25.4
2023-06-26,184,제주,0.08,5.02,91.47,0.03,0.78,,9.17,8.19,7.95,24.95,25.93,25.72,24.71,22.0,24.68,30.2
2023-06-27,184,제주,0.5,5.01,93.71,0.02,0.48,,9.41,8.3,5.8,24.76,26.79,26.7,25.46,22.8,24.48,28.8
2023-06-28,184,제주,0.07,5.03,90.97,0.17,1.2,,7.53,6.43,9.17,26.68,27.64,27.3,25.79,22.9,25.48,30.9
2023-06-29,184,제주,0.11,5.39,91.83,0.06,0.91,,8.32,7.07,4.62,26.53,28.18,28.04,26.51,23.1,25.41,31.2
2023-06-30,184,제주,4.08,3.37,95.34,0.0,0.19,,9.77,7.74,5.41,24.76,27.12,27.37,26.59,22.7,24.38,27.9
2023-07-01,184,제주,0.73,1.49,92.57,0.16,1.1,,8.1,6.66,6.16,26.6,27.13,27.01,26.15,22.1,24.23,27.9
2023-07-02,184,제주,0.57,2.06,92.5,0.18,1.23,,8.22,6.42,6.61,27.8,28.02,27.83,26.58,23.0,25.19,28.0
2023-07-03,184,제주,2.6,1.83,96.4,0.0,0.29,,9.56,7.82,4.15,26.15,27.58,27.78,27.01,23.3,24.57,26.3
2023-07-04,184,제주,0.17,2.13,93.71,0.03,0.98,,9.59,8.0,7.52,27.06,28.0,27.83,26.82,23.3,25.26,31.5
2023-07-05,184,제주,5.42,3.68,86.91,0.54,1.54,,5.86,3.61,9.59,28.64,28.38,28.33,27.32,22.2,25.84,30.5
2023-07-06,184,제주,,2.63,85.21,0.68,1.77,,4.4,1.96,19.24,28.35,28.23,28.21,27.32,20.2,24.42,27.7
2023-07-07,184,제주,0.18,2.9,92.16,0.0,0.49,,9.82,7.85,5.87,26.68,28.39,28.48,27.55,23.6,25.59,30.9
2023-07-08,184,제주,4.11,3.39,95.59,0.0,0.26,,9.6,7.39,5.82,25.81,27.79,27.97,27.4,24.0,25.22,28.5
2023-07-09,184,제주,0.86,3.24,89.43,0.01,0.71,,9.25,6.28,15.13,27.1,28.16,28.12,27.26,24.0,26.49,32.2
2023-07-10,184,제주,0.05,3.9,87.22,0.19,1.22,,7.35,5.61,7.73,27.84,29.18,28.92,27.67,24.1,26.87,37.0
2023-07-11,184,제주,0.14,4.48,87.55,0.18,1.2,,7.75,6.55,6.24,29.33,30.15,29.87,28.4,23.9,27.04,33.4
2023-07-12,184,제주,0.1,4.86,85.33,0.34,1.15,,7.67,5.9,4.88,30.49,30.85,30.5,28.95,25.3,27.58,34.2
2023-07-13,184,제주,0.02,4.93,86.19,0.01,0.64,,9.1,6.67,7.84,28.57,30.53,30.49,29.28,25.1,27.29,32.4
2023-07-14,184,제주,0.0,6.35,84.71,0.11,1.26,,9.05,7.09,7.78,29.13,30.12,30.0,28.99,25.8,27.52,32.7
2023-07-15,184,제주,0.13,5.45,86.7,0.19,1.41,,7.58,6.31,6.54,30.56,30.61,30.31,29.06,25.7,27.8,33.2
2023-07-16,184,제주,0.84,4.01,91.86,0.21,1.15,,6.72,5.96,4.46,29.3,30.73,30.62,29.34,25.1,27.14,31.3
2023-07-17,184,제주,1.05,2.82,89.69,0.09,0.87,,8.01,4.56,10.62,29.13,30.15,30.23,29.28,24.7,27.07,31.2
2023-07-18,184,제주,1.22,4.37,92.12,0.09,0.77,,8.42,6.36,4.71,27.96,29.61,29.76,29.05,23.6,26.51,30.6
2023-07-19,184,제주,0.04,3.41,87.92,0.27,0.84,,7.27,5.27,6.24,28.04,29.05,29.27,28.8,23.2,25.34,28.7
2023-07-20,184,제주,0.0,1.55,87.34,0.0,0.58,,9.39,6.35,26.33,27.12,28.87,29.02,28.52,23.8,25.39,27.5
2023-07-21,184,제주,0.51,2.5,82.98,0.11,0.86,,8.46,5.11,16.81,27.77,28.88,28.98,28.39,23.6,26.41,30.2
2023-07-22,184,제주,5.32,3.91,90.84,0.01,0.45,,9.57,6.0,5.9,26.63,28.0,28.28,28.1,21.5,26.0,29.2
2023-07-23,184,제주,0.03,4.21,88.19,0.02,0.77,,9.29,6.25,5.56,28.1,28.65,28.63,27.98,25.9,27.42,31.6
2023-07-24,184,제주,1.01,3.42,90.42,0.02,0.44,,9.17,5.45,11.49,27.11,28.81,28.89,28.22,24.2,26.29,30.3
2023-07-25,184,제주,1.49,2.15,86.61,0.05,0.64,,9.12,4.35,16.35,27.69,28.58,28.7,28.12,23.9,26.46,29.6
2023-07-26,184,제주,1.1,2.38,84.9,0.57,1.56,,6.85,3.66,14.22,31.36,29.75,29.52,28.36,23.6,28.2,32.7
2023-07-27,184,제주,0.92,3.01,82.9,0.58,1.57,,6.41,2.79,15.15,31.37,30.76,30.58,29.18,23.5,28.59,33.9
2023-07-28,184,제주,1.78,2.76,85.61,0.12,0.71,,8.93,3.93,16.43,28.97,30.49,30.58,29.52,24.1,27.57,31.9
2023-07-29,184,제주,0.4,2.97,79.97,0.44,1.45,,7.04,3.5,24.17,30.69,30.44,30.37,29.36,25.7,28.68,34.6
2023-07-30,184,제주,1.37,2.64,79.0,0.65,1.61,,3.71,2.36,8.81,31.95,30.73,30.65,29.55,24.9,28.5,33.9
2023-07-31,184,제주,2.6,2.41,76.65,0.63,1.49,,5.71,1.69,10.39,32.14,31.22,31.04,29.84,24.3,28.45,32.4
2023-08-01,184,제주,,2.86,78.75,0.7,1.7,,5.02,1.93,22.12,33.09,31.69,31.46,30.13,25.7,28.81,32.8
2023-08-02,184,제주,,2.92,74.65,0.76,1.74,,2.83,0.98,8.62,34.84,32.0,31.75,30.41,26.5,29.63,33.5
2023-08-03,184,제주,0.0,3.28,74.51,0.76,1.83,,3.74,2.42,9.92,35.38,32.43,32.12,30.68,26.9,29.88,34.3
2023-08-04,184,제주,0.92,3.52,79.23,0.63,1.69,,4.96,3.68,8.13,34.79,32.71,32.46,31.01,25.9,29.33,34.1
2023-08-05,184,제주,0.48,3.04,75.86,0.71,1.47,,3.54,2.15,9.82,34.72,32.9,32.61,31.19,27.1,29.54,33.4
2023-08-06,184,제주,,3.66,76.6,0.65,1.59,,3.16,1.81,7.62,35.23,32.74,32.52,31.31,26.4,29.48,33.8
2023-08-07,184,제주,0.0,4.09,76.24,0.67,1.68,,3.36,2.25,10.87,36.11,33.16,32.78,31.35,27.0,29.8,33.4
2023-08-08,184,제주,,4.66,76.97,0.49,1.33,,5.05,3.33,8.33,35.09,32.8,32.65,31.49,27.0,29.36,32.5
2023-08-09,184,제주,0.56,6.64,82.84,0.0,0.25,,9.0,6.96,6.69,27.73,31.24,31.57,31.06,25.1,27.42,29.0
2023-08-10,184,제주,1.5,7.13,78.0,0.59,1.4,,6.08,3.85,9.03,30.58,30.21,30.26,29.98,24.7,27.28,31.6
2023-08-11,184,제주,0.4,3.82,73.4,0.74,1.64,,3.56,1.61,18.37,32.92,30.84,30.75,29.91,23.2,28.08,33.8
2023-08-12,184,제주,0.77,2.21,75.11,0.57,1.58,,6.03,2.28,21.98,33.15,31.53,31.36,30.22,23.4,27.99,32.9
2023-08-13,184,제주,,2.35,76.65,0.65,1.57,,3.99,0.88,11.6,33.14,31.67,31.59,30.46,24.0,27.77,32.1
2023-08-14,184,제주,0.65,2.72,76.41,0.66,1.28,,2.43,1.34,9.33,32.63,31.75,31.6,30.49,23.8,27.69,31.2
2023-08-15,184,제주,0.0,2.73,76.62,0.6,1.48,,3.97,2.57,12.12,33.31,32.1,31.87,30.6,24.7,27.99,31.9
2023-08-16,184,제주,0.5,2.53,77.9,0.45,1.53,,5.85,2.4,20.27,34.51,32.42,32.2,30.88,24.5,28.01,32.9
2023-08-17,184,제주,0.18,2.3,78.07,0.49,1.32,,5.24,1.91,13.2,32.84,31.82,31.87,30.9,23.9,27.34,30.8
2023-08-18,184,제주,3.01,2.6,80.38,0.5,1.38,,4.95,3.26,9.03,30.29,31.22,31.25,30.4,24.8,27.42,30.9
2023-08-19,184,제주,1.97,2.11,82.04,0.6,1.68,,4.16,2.84,12.68,32.81,31.96,31.92,30.65,25.5,28.13,32.1
2023-08-20,184,제주,,2.24,79.8,0.74,1.66,,2.69,1.07,7.83,33.09,32.13,32.16,30.96,24.5,28.4,32.7
2023-08-21,184,제주,0.0,3.19,79.21,0.67,1.59,,4.75,2.32,11.05,34.0,32.3,32.28,31.05,25.8,28.83,32.9
2023-08-22,184,제주,2.66,4.06,82.56,0.36,1.3,,6.38,4.27,7.48,30.14,31.97,32.08,31.1,24.5,28.27,32.7
2023-08-23,184,제주,3.09,3.66,89.12,0.09,0.2,,8.64,4.62,6.93,27.44,30.1,30.68,30.56,24.5,27.02,30.9
2023-08-24,184,제주,1.05,2.88,85.14,0.17,0.82,,7.82,3.68,12.84,27.74,28.97,29.25,29.25,23.6,26.62,29.3
2023-08-25,184,제주,,2.37,72.55,0.73,1.8,,2.15,0.91,10.82,28.57,29.67,29.71,29.12,22.4,26.8,31.5
2023-08-26,184,제주,,2.43,72.91,0.8,1.75,,1.54,0.45,11.0,29.48,30.32,30.42,29.59,22.9,26.45,30.1
2023-08-27,184,제주,0.0,2.57,75.62,0.75,1.73,,3.24,1.12,11.6,31.25,30.67,30.66,29.77,23.4,27.44,32.1
2023-08-28,184,제주,1.79,4.53,80.33,0.51,1.37,,7.4,3.73,11.86,31.01,31.18,31.15,30.12,25.0,28.36,33.4
2023-08-29,184,제주,1.17,3.34,86.93,0.3,1.16,,8.55,4.76,8.02,29.59,31.06,31.08,30.22,25.0,27.61,32.6
2023-08-30,184,제주,4.01,2.55,90.84,0.02,0.29,,9.26,5.85,7.23,26.01,29.41,29.92,29.86,22.0,24.65,27.3
2023-08-31,184,제주,1.09,2.85,78.43,0.5,1.47,,6.57,3.73,14.49,26.97,28.91,29.07,28.88,21.6,24.8,28.1
2023-09-01,184,제주,1.89,2.84,85.32,0.09,0.77,,8.1,4.78,9.66,26.53,29.01,29.27,29.0,23.0,25.3,29.1
2023-09-02,184,제주,1.09,2.93,81.77,0.55,1.48,,7.29,4.11,10.51,29.33,29.78,29.73,28.97,23.9,27.01,30.5
2023-09-03,184,제주,6.95,2.71,79.57,0.66,1.72,,5.48,2.84,12.57,30.44,30.65,30.55,29.5,24.0,27.68,32.9
2023-09-04,184,제주,,2.81,78.44,0.78,1.66,,2.97,1.24,11.8,30.2,30.88,30.84,29.86,24.1,27.16,31.3
2023-09-05,184,제주,0.2,2.85,71.45,0.63,1.56,,6.26,2.61,17.2,30.34,31.03,30.99,29.98,24.6,26.98,30.3
2023-09-06,184,제주,0.1,2.62,70.21,0.89,1.85,,2.18,0.89,12.3,31.18,30.76,30.72,29.87,22.5,26.74,31.0
2023-09-07,184,제주,0.1,3.02,66.06,0.84,1.85,,2.22,1.26,10.96,31.02,30.81,30.82,29.92,23.9,26.2,29.6
2023-09-08,184,제주,0.0,2.86,63.68,0.83,1.83,,1.83,1.05,12.38,30.7,30.43,30.48,29.72,22.2,25.29,29.7
2023-09-09,184,제주,,1.96,66.66,0.7,1.55,,2.71,1.44,12.58,30.38,30.05,30.14,29.49,21.7,24.82,28.4
2023-09-10,184,제주,,2.1,67.43,0.59,1.52,,5.85,2.64,27.73,29.67,29.6,29.74,29.25,21.3,24.95,28.4
2023-09-11,184,제주,0.2,2.13,70.77,0.73,1.74,,4.29,1.45,17.51,31.0,29.58,29.62,28.98,21.9,25.68,29.3
2023-09-12,184,제주,0.53,2.07,75.07,0.38,1.07,,7.95,2.97,30.49,30.71,29.73,29.8,29.1,22.8,26.13,29.7
2023-09-13,184,제주,4.53,2.25,77.05,0.35,1.26,,8.46,3.01,24.21,31.38,29.83,29.82,29.02,23.4,26.8,31.7
2023-09-14,184,제주,0.16,2.69,82.83,0.02,0.35,,9.65,6.26,13.74,26.47,29.13,29.4,29.01,23.1,24.74,27.3
2023-09-15,184,제주,0.16,2.77,81.03,0.78,1.65,,4.46,2.82,9.48,31.92,29.31,29.27,28.51,23.5,27.41,31.5
2023-09-16,184,제주,2.7,2.46,87.57,0.28,0.61,,8.32,4.33,15.1,28.55,29.22,29.46,28.84,23.6,26.12,31.0
2023-09-17,184,제주,3.98,2.2,87.32,0.23,0.88,,8.75,4.45,7.99,27.5,28.55,28.75,28.34,22.3,25.25,28.9
2023-09-18,184,제주,0.2,1.91,82.77,0.63,1.59,,4.17,2.2,12.55,27.59,28.65,28.66,28.12,22.6,25.44,29.0
2023-09-19,184,제주,,1.85,76.2,0.69,1.48,,4.26,0.66,8.59,27.13,28.65,28.75,28.28,21.4,25.46,29.3
2023-09-20,184,제주,1.9,4.89,81.28,0.04,0.81,,8.6,4.04,9.31,26.65,28.44,28.6,28.18,23.1,26.62,31.6
2023-09-21,184,제주,0.04,5.48,75.12,0.49,1.22,,7.7,3.77,14.38,25.83,27.95,28.23,27.91,21.9,24.13,28.5
2023-09-22,184,제주,0.61,2.77,79.33,0.11,0.92,,8.72,5.9,13.76,25.52,27.32,27.57,27.42,21.7,23.2,25.9
2023-09-23,184,제주,0.23,3.47,71.69,0.32,1.05,,8.36,4.3,23.23,25.52,27.39,27.56,27.22,21.7,23.86,26.6
2023-09-24,184,제주,0.0,4.31,68.31,0.36,1.09,,7.62,4.88,18.31,26.07,26.98,27.16,26.93,21.3,24.36,27.9
2023-09-25,184,제주,0.0,2.87,77.22,0.43,1.17,,7.25,4.43,17.89,28.04,27.38,27.35,26.8,21.2,24.89,27.6
2023-09-26,184,제주,0.1,2.75,78.88,0.63,1.34,,3.97,2.19,10.95,28.92,27.98,27.87,27.04,22.5,25.29,29.1
2023-09-27,184,제주,0.0,2.93,77.08,0.67,1.48,,5.15,3.4,11.51,29.33,28.53,28.39,27.37,21.8,24.87,29.0
2023-09-28,184,제주,0.07,2.86,75.12,0.57,1.29,,5.94,3.85,12.39,28.62,28.68,28.57,27.6,22.1,24.76,28.4
2023-09-29,184,제주,,2.32,72.53,0.76,1.54,,3.14,1.58,10.86,27.54,28.42,28.38,27.55,19.5,23.54,27.6
2023-09-30,184,제주,1.22,2.42,78.18,0.07,0.42,,7.19,5.01,14.71,21.46,26.91,27.29,27.16,16.5,20.58,23.3
2023-10-01,184,제주,,3.63,63.93,0.67,1.53,,3.59,1.12,16.4,23.34,26.32,26.48,26.29,18.4,21.59,25.9
2023-10-02,184,제주,,3.0,47.9,0.66,1.54,,5.95,2.78,54.59,23.36,25.85,26.12,25.98,17.5,20.9,25.0
2023-10-03,184,제주,0.03,2.74,67.93,0.0,0.32,,9.58,5.73,25.65,21.88,25.21,25.53,25.57,19.0,21.85,24.2
2023-10-04,184,제주,,3.05,65.89,0.75,1.52,,4.6,1.75,23.81,24.78,25.42,25.47,25.16,19.0,21.78,25.7
2023-10-05,184,제주,0.0,5.06,52.27,0.61,1.45,,5.43,2.35,31.36,23.49,25.54,25.7,25.29,15.8,20.0,23.9
2023-10-06,184,제주,,3.08,56.88,0.17,0.91,,7.96,6.26,37.66,21.45,24.5,24.82,24.83,15.5,18.66,23.1
2023-10-07,184,제주,1.04,2.52,69.95,0.0,0.32,,9.88,6.79,24.88,19.55,23.79,24.16,24.3,16.4,18.77,22.1
2023-10-08,184,제주,0.69,4.06,71.72,0.18,0.68,,8.42,5.07,12.06,20.95,23.02,23.34,23.57,17.2,20.59,24.2
2023-10-09,184,제주,,3.52,71.18,0.3,1.02,,7.83,3.18,18.05,21.65,23.25,23.4,23.31,17.4,20.66,25.2
2023-10-10,184,제주,,3.57,62.53,0.62,1.4,,6.5,2.89,32.76,21.79,23.59,23.73,23.38,16.2,20.09,24.0
2023-10-11,184,제주,,3.2,64.23,0.6,1.31,,3.9,2.44,21.21,22.17,23.54,23.71,23.42,17.6,20.51,24.1
2023-10-12,184,제주,,3.25,55.74,0.78,1.38,,2.46,0.66,30.62,21.62,23.11,23.26,23.1,15.9,20.01,23.8
2023-10-13,184,제주,,2.77,64.31,0.24,0.97,,7.91,4.29,31.84,22.17,23.18,23.25,22.96,17.2,20.04,24.2
2023-10-14,184,제주,0.93,3.43,61.62,0.7,1.25,,5.16,2.7,24.34,22.92,23.32,23.4,22.96,15.3,20.21,24.8
2023-10-15,184,제주,0.17,4.92,60.98,0.67,1.21,,2.51,1.66,14.22,20.92,22.62,22.89,22.77,14.7,19.51,23.3
2023-10-16,184,제주,,4.74,59.86,0.69,1.21,,1.67,1.2,11.24,20.6,21.97,22.27,22.3,12.3,18.67,24.0
2023-10-17,184,제주,,3.77,62.53,0.87,1.56,,0.49,0.44,10.3,20.94,21.89,22.08,21.96,13.9,17.98,22.4
2023-10-18,184,제주,,2.05,72.98,0.82,1.51,,0.89,0.5,12.61,21.82,21.72,21.89,21.74,12.9,18.51,24.1
2023-10-19,184,제주,0.4,1.9,69.65,0.69,1.39,,4.48,2.4,17.78,23.04,22.33,22.3,21.81,14.5,20.56,26.1
2023-10-20,184,제주,1.51,5.55,60.73,0.34,1.03,,7.0,3.82,16.18,17.85,21.89,22.18,21.97,14.0,17.02,20.9
2023-10-21,184,제주,,4.43,51.68,0.82,1.53,,2.75,2.22,13.0,18.25,20.71,21.02,21.19,11.6,16.36,20.9
2023-10-22,184,제주,,2.4,60.89,0.67,1.37,,3.73,1.91,39.1,19.51,20.68,20.89,20.83,11.3,17.0,21.4
2023-10-23,184,제주,,1.75,63.18,0.8,1.43,,0.98,0.69,13.85,19.94,20.65,20.82,20.67,12.4,17.04,21.6
2023-10-24,184,제주,,1.4,65.27,0.62,1.25,,3.25,1.53,34.05,20.06,20.48,20.62,20.46,12.4,17.69,22.7
2023-10-25,184,제주,,1.5,67.35,0.79,1.39,,1.2,0.7,12.7,21.64,20.96,20.95,20.46,13.2,19.36,25.2
2023-10-26,184,제주,,2.76,68.51,0.73,1.27,,1.58,0.41,23.67,21.48,21.18,21.22,20.72,13.7,19.7,25.6
2023-10-27,184,제주,,4.61,59.67,0.79,1.39,,1.14,0.86,13.92,19.52,21.51,21.54,20.92,14.4,18.24,23.7
2023-10-28,184,제주,,2.74,62.01,0.8,1.36,,1.14,0.65,16.73,18.89,20.8,20.92,20.6,13.7,17.12,22.5
2023-10-29,184,제주,,2.07,66.68,0.78,1.34,,1.82,0.67,17.48,19.96,20.67,20.76,20.39,12.9,17.85,22.5
2023-10-30,184,제주,,1.97,66.9,0.79,1.36,,1.11,0.71,20.12,20.39,20.53,20.64,20.29,13.6,18.33,23.4
2023-10-31,184,제주,,1.99,61.57,0.82,1.36,,0.03,0.0,,19.59,20.3,20.44,20.12,12.4,17.91,23.3
2023-11-01,184,제주,,3.09,66.33,0.78,1.29,,0.25,0.21,10.23,20.56,20.09,20.18,19.87,12.0,19.92,28.2
2023-11-02,184,제주,,2.92,71.31,0.81,1.32,,0.26,0.22,8.67,21.57,20.27,20.3,19.86,15.0,20.56,26.3
2023-11-03,184,제주,0.0,2.67,73.45,0.72,1.22,,1.96,1.18,20.75,23.17,20.68,20.63,20.03,16.7,21.85,26.9
2023-11-04,184,제주,0.0,1.95,81.59,0.52,1.09,,7.11,3.35,20.49,24.09,21.66,21.42,20.5,16.8,21.97,25.7
2023-11-05,184,제주,1.49,4.55,80.5,0.09,0.51,,8.95,4.72,15.09,22.47,22.15,22.03,21.09,21.2,23.0,25.3
2023-11-06,184,제주,4.18,8.04,71.53,0.04,0.3,,8.85,4.02,11.88,18.2,21.4,21.67,21.13,14.1,19.27,25.8
2023-11-07,184,제주,,4.86,58.55,0.5,0.87,,5.41,4.62,12.26,14.23,18.92,19.5,19.91,9.2,14.65,18.3
2023-11-08,184,제주,,2.11,71.97,0.64,1.16,,4.45,3.03,21.72,15.66,18.47,18.79,18.98,9.6,15.0,20.8
2023-11-09,184,제주,0.43,1.76,72.94,0.18,0.5,,7.93,4.8,21.3,17.76,18.91,19.08,18.92,13.8,18.55,23.0
2023-11-10,184,제주,1.21,5.19,69.97,0.22,0.74,,8.68,4.8,21.92,14.3,18.6,19.04,18.99,9.5,14.18,20.2
2023-11-11,184,제주,,4.65,57.98,0.59,1.09,,6.25,3.6,20.85,11.31,16.3,17.03,17.8,7.3,11.36,16.3
2023-11-12,184,제주,0.0,5.06,59.39,0.23,0.42,,8.33,7.17,12.22,10.51,15.39,16.12,16.93,7.7,10.43,14.3
2023-11-13,184,제주,0.41,5.1,62.56,0.42,0.58,,6.99,5.35,11.12,9.49,14.16,14.95,15.98,5.7,9.07,12.7
2023-11-14,184,제주,,3.28,58.89,0.2,0.41,,7.67,6.11,15.71,10.59,13.8,14.42,15.29,5.6,11.09,15.6
2023-11-15,184,제주,,2.28,57.46,0.77,1.22,,4.47,2.97,19.48,12.7,14.59,14.84,15.09,8.5,12.63,17.3
2023-11-16,184,제주,3.61,4.45,70.79,0.02,0.16,,8.46,4.85,19.83,10.55,14.11,14.62,15.08,8.4,11.9,17.9
2023-11-17,184,제주,1.32,8.38,70.19,0.28,0.47,,7.94,5.53,10.79,9.3,12.95,13.73,14.41,6.3,9.65,13.5
2023-11-18,184,제주,1.16,8.01,64.46,0.21,0.28,,7.39,6.79,10.14,7.4,11.43,12.26,13.47,4.7,8.14,10.6
2023-11-19,184,제주,,4.9,60.59,0.72,1.07,,2.99,2.28,11.2,10.55,12.48,12.7,13.16,4.8,12.48,17.8
2023-11-20,184,제주,,3.24,62.65,0.86,1.31,,1.15,0.81,9.17,11.1,13.78,13.92,13.76,7.8,12.59,17.2
2023-11-21,184,제주,,1.85,69.29,0.66,1.08,,2.11,1.95,12.02,11.9,13.42,13.68,13.75,7.8,13.1,19.3
2023-11-22,184,제주,,2.31,70.45,0.72,1.1,,3.08,2.2,16.5,14.04,14.1,14.17,13.9,9.8,15.5,21.5
2023-11-23,184,제주,,5.65,71.23,0.63,0.89,,5.06,2.79,19.82,16.34,15.45,15.28,14.52,11.5,17.79,22.8
2023-11-24,184,제주,,6.63,56.03,0.22,0.36,,6.14,5.64,11.68,8.88,14.12,14.67,14.73,4.9,8.92,12.1
2023-11-25,184,제주,,3.81,60.06,0.47,0.84,,6.06,5.51,11.28,8.05,12.23,12.83,13.54,4.3,6.57,11.5
2023-11-26,184,제주,,2.03,66.29,0.78,1.18,,3.11,1.56,24.81,10.05,11.85,12.21,12.76,3.7,9.16,14.5
2023-11-27,184,제주,0.36,4.66,70.53,0.32,0.51,,6.43,4.86,11.8,12.33,12.4,12.6,12.75,8.4,13.39,19.3
2023-11-28,184,제주,0.02,4.6,61.41,0.46,0.61,,4.28,3.22,12.57,10.09,12.77,13.04,13.0,4.5,10.7,14.2
2023-11-29,184,제주,,3.18,60.96,0.34,0.71,,7.25,5.5,15.6,10.75,12.31,12.52,12.68,6.0,11.01,14.5
2023-11-30,184,제주,0.05,5.59,65.14,0.08,0.22,,8.99,7.04,9.74,7.32,11.72,12.26,12.65,4.7,6.9,11.8
2023-12-01,184,제주,0.39,5.5,69.97,0.0,0.14,,8.46,6.91,9.36,6.11,10.36,10.97,11.83,3.6,6.37,8.4
2023-12-02,184,제주,0.0,3.3,58.2,0.1,0.32,,7.89,7.49,13.43,7.97,10.14,10.57,11.25,4.8,8.45,11.7
2023-12-03,184,제주,,3.52,56.91,0.47,0.72,,5.01,4.1,12.94,9.13,10.9,11.12,11.31,6.6,10.02,13.9
2023-12-04,184,제주,,2.35,72.07,0.54,0.98,,4.06,2.77,27.33,8.78,10.65,10.98,11.29,4.7,8.96,13.9
2023-12-05,184,제주,,2.43,63.72,0.8,1.1,,3.32,1.86,26.75,10.98,11.39,11.53,11.43,7.4,11.64,18.3
2023-12-06,184,제주,0.13,4.9,64.77,0.33,0.64,,5.5,2.07,24.65,10.97,11.8,11.88,11.69,6.5,13.27,19.1
2023-12-07,184,제주,,4.51,50.85,0.8,1.1,,0.96,0.77,11.9,11.13,12.32,12.44,12.1,5.7,11.92,16.9
2023-12-08,184,제주,,4.47,62.27,0.62,1.07,,1.56,1.49,9.5,13.32,12.08,12.15,11.99,8.2,15.45,20.9
2023-12-09,184,제주,,3.08,73.5,0.44,0.78,,5.11,2.48,15.43,15.76,13.07,12.96,12.36,11.4,17.27,22.0
2023-12-10,184,제주,3.22,2.9,77.01,0.36,0.67,,5.62,2.93,13.49,16.39,14.1,13.86,12.97,13.0,17.23,23.0
2023-12-11,184,제주,3.64,5.89,89.33,0.0,0.21,,8.6,6.39,6.54,15.97,15.63,15.31,14.01,13.9,16.71,20.8
2023-12-12,184,제주,0.03,5.29,81.27,0.09,0.15,,8.62,6.42,7.12,12.37,14.71,14.93,14.33,9.7,12.15,16.1
2023-12-13,184,제주,0.33,2.98,73.22,0.27,0.71,,6.96,5.1,10.94,13.19,14.23,14.27,13.84,10.4,14.11,18.8
2023-12-14,184,제주,2.51,3.72,85.04,0.0,0.1,,9.05,5.6,9.1,15.23,14.78,14.72,14.07,14.3,16.88,19.4
2023-12-15,184,제주,0.5,6.19,85.58,0.07,0.1,,8.66,7.51,7.22,15.7,15.54,15.44,14.56,10.5,16.28,20.6
2023-12-16,184,제주,0.24,9.34,72.99,0.06,0.17,0.2,9.39,7.49,7.24,6.73,12.58,13.41,13.96,1.2,5.91,11.8
2023-12-17,184,제주,0.77,6.01,72.72,0.13,0.19,1.06,8.7,7.31,7.93,3.08,9.05,10.19,11.9,0.2,2.26,6.3
2023-12-18,184,제주,0.23,3.09,69.24,0.07,0.25,0.64,9.43,7.28,12.47,4.32,8.25,8.98,10.33,0.8,3.33,6.2
2023-12-19,184,제주,0.46,3.32,73.97,0.0,0.16,,9.15,5.62,10.67,5.66,8.48,9.0,9.84,2.9,5.75,8.9
2023-12-20,184,제주,0.0,7.57,60.62,0.21,0.22,0.35,8.2,7.17,10.5,4.18,8.22,8.85,9.67,0.3,4.79,7.6
2023-12-21,184,제주,0.98,7.0,81.28,0.15,0.28,3.21,8.86,7.23,4.88,1.7,6.68,7.56,8.93,-1.9,0.5,2.9
2023-12-22,184,제주,1.39,5.9,78.57,0.13,0.28,8.41,7.5,6.7,6.78,1.95,6.06,6.78,8.14,-1.7,1.02,3.5
2023-12-23,184,제주,0.38,2.49,71.51,0.04,0.33,6.81,8.69,7.08,13.19,2.86,5.68,6.32,7.5,-0.2,3.02,5.9
2023-12-24,184,제주,0.98,4.11,68.31,0.15,0.14,2.84,8.34,6.1,13.12,4.31,5.66,6.14,6.95,2.8,5.71,9.9
2023-12-25,184,제주,0.14,4.04,62.71,0.08,0.24,0.37,8.28,7.76,11.84,4.67,6.33,6.61,6.98,1.7,5.72,7.8
2023-12-26,184,제주,,2.71,64.57,0.29,0.5,,7.62,5.77,19.29,6.76,7.05,7.21,7.29,1.2,7.85,12.2
2023-12-27,184,제주,,2.27,70.45,0.56,0.88,,5.96,4.02,23.06,8.66,8.47,8.39,7.93,5.7,9.37,13.2
2023-12-28,184,제주,,2.63,68.26,0.5,0.89,,5.96,4.38,12.0,9.2,9.28,9.27,8.7,6.1,10.12,14.6
2023-12-29,184,제주,,3.11,69.31,0.4,0.79,,5.75,4.97,8.81,8.16,9.84,9.88,9.26,5.4,8.46,13.4
2023-12-30,184,제주,0.52,2.71,75.29,0.5,0.87,,5.77,2.89,17.22,10.14,9.67,9.72,9.34,4.6,11.07,16.9
2023-12-31,184,제주,0.07,7.2,64.41,0.16,0.33,,7.61,6.92,9.78,8.47,10.6,10.66,10.02,7.4,10.25,14.4
