일시,교래태양광,종합경기장 태양광,행원태양광,홍보관주차장 태양광,수산태양광,태양광전체
2022-01-01,2014.6,1705.888,1132.704,288.08,0,5141.272
2022-01-02,1116,577.984,428.832,115.96,0,2238.776
2022-01-03,1780.6,1386.752,1107,257.96,0,4532.312
2022-01-04,371,377.504,352.224,109.48,0,1210.208
2022-01-05,195.6,181.6,26.136,0.32,0,403.656
2022-01-06,2089,1576.256,1258.056,328.32,0,5251.632
2022-01-07,1974.2,1718.976,1144.944,296.4,0,5134.52
2022-01-08,1979.2,309.184,597.816,163.16,0,3049.36
2022-01-09,628.2,192.224,202.032,78.12,0,1100.576
2022-01-10,1202.6,683.424,939.888,215.92,0,3041.832
2022-01-11,140.4,406.784,336.744,88.08,0,972.008
2022-01-12,13.6,441.6,334.8,95.6,0,885.6
2022-01-13,284,280.928,248.832,47.6,0,861.36
2022-01-14,1523.6,1077.888,971.064,241.44,0,3813.992
2022-01-15,1294.4,1193.664,805.68,205.76,0,3499.504
2022-01-16,739.8,562.24,418.824,119.72,0,1840.584
2022-01-17,760.8,461.92,206.28,75.44,0,1504.44
2022-01-18,2270.2,1658.944,1219.968,322.2,0,5471.312
2022-01-19,2219.8,1864.48,1233.36,333.96,0,5651.6
2022-01-20,2362,933.76,1159.416,279.12,0,4734.296
2022-01-21,986.8,1138.176,521.136,147.04,0,2793.152
2022-01-22,689.2,1073.92,550.656,128.2,0,2441.976
2022-01-23,314.2,408.928,229.824,58.72,0,1011.672
2022-01-24,363.4,763.296,197.928,66.56,0,1391.184
2022-01-25,206,120.128,49.464,0.6,0,376.192
2022-01-26,1189.6,618.048,808.056,204.48,0,2820.184
2022-01-27,975,486.496,699.552,201.64,0,2362.688
2022-01-28,2062.8,952,796.824,213.6,0,4025.224
2022-01-29,1132.4,778.88,750.744,212.48,0,2874.504
2022-01-30,2149.4,1571.872,1311.624,357.76,0,5390.656
2022-01-31,2438,1504.32,1248.624,313.32,0,5504.264
2022-02-01,849.8,808.512,466.056,147.76,0,2272.128
2022-02-02,1286,779.648,659.376,193.68,0,2918.704
2022-02-03,1832.8,1130.912,918.72,248.44,0,4130.872
2022-02-04,1354.8,679.296,656.424,189.84,0,2880.36
2022-02-05,980.4,1001.088,299.016,59.32,0,2339.824
2022-02-06,1763.6,1260.704,915.912,243.88,0,4184.096
2022-02-07,1154.8,856.8,578.16,182.28,0,2772.04
2022-02-08,2441.2,1960.928,1388.52,376.52,0,6167.168
2022-02-09,1199,870.912,355.824,116.12,0,2541.856
2022-02-10,2367.8,1914.368,1224.792,302.84,0,5809.8
2022-02-11,2572,2102.816,1425.528,384.64,0,6484.984
2022-02-12,806.6,771.872,536.76,163,0,2278.232
2022-02-13,374.8,380.768,460.08,130.28,0,1345.928
2022-02-14,856.4,932.192,706.536,183.92,0,2679.048
2022-02-15,1970.8,1193.792,645.408,230.2,0,4040.2
2022-02-16,1128,781.504,708.624,169.12,0,2787.248
2022-02-17,1090.6,906.528,820.008,213.44,0,3030.576
2022-02-18,673.2,1124.512,445.464,118.12,0,2361.296
2022-02-19,829,307.904,363.96,80.48,0,1581.344
2022-02-20,1554,1086.048,891.288,211.52,0,3742.856
2022-02-21,1741.2,1191.104,1044.216,262.48,0,4239
2022-02-22,1405.4,1519.936,1113.768,287.64,0,4326.744
2022-02-23,1563.2,738.24,878.256,218.28,0,3397.976
2022-02-24,1871.8,515.2,926.928,234.96,0,3548.888
2022-02-25,2967.4,2414.56,1794.816,461.76,0,7638.536
2022-02-26,2760,2405.28,1615.752,403.4,0,7184.432
2022-02-27,3051.2,2515.904,1862.856,482.48,0,7912.44
2022-02-28,1000,918.24,614.448,173.44,0,2706.128
2022-03-01,730.4,591.776,428.4,67.32,0,1817.896
2022-03-02,3134.6,1791.872,1644.696,408.28,0,6979.448
2022-03-03,2621.4,2197.664,1575.792,414.52,0,6809.376
2022-03-04,1938.4,1633.792,1027.224,239.36,0,4838.776
2022-03-05,2960,2366.528,1708.56,448,0,7483.088
2022-03-06,3149.2,2466.56,1829.808,492.64,0,7938.208
2022-03-07,2404.8,2057.408,1513.728,379.96,0,6355.896
2022-03-08,2907.6,2399.296,1728.432,452.28,0,7487.608
2022-03-09,2873.6,2322.848,1669.176,420.48,0,7286.104
2022-03-10,2869.4,2402.24,1662.12,427.16,0,7360.92
2022-03-11,1822.4,1142.944,934.848,245.96,0,4146.152
2022-03-12,2822.2,2289.504,1599.192,383.72,0,7094.616
2022-03-13,589.2,454.976,197.208,15.6,0,1256.984
2022-03-14,985.2,701.408,501.408,0,0,2188.016
2022-03-15,2995.4,2573.6,1814.832,0,0,7383.832
2022-03-16,2767,2319.936,1622.232,0,0,6709.168
2022-03-17,401,465.6,203.328,0,0,1069.928
2022-03-18,341.2,245.408,120.6,0,0,707.208
2022-03-19,827.8,467.52,502.992,0,0,1798.312
2022-03-20,1296,641.056,777.96,0,0,2715.016
2022-03-21,946.6,893.088,653.256,0,0,2492.944
2022-03-22,2339.4,1961.824,1377.288,0,0,5678.512
2022-03-23,1108,1207.488,899.352,22.84,0,3237.68
2022-03-24,2768.8,2486.272,1700.856,471.72,0,7427.648
2022-03-25,588.8,848,374.256,129.12,0,1940.176
2022-03-26,722,273.152,395.064,112.48,0,1502.696
2022-03-27,2994,2457.184,1763.424,485.56,0,7700.168
2022-03-28,1569,1730.592,740.592,230.08,0,4270.264
2022-03-29,3084.6,2672.768,1781.496,499.88,0,8038.744
2022-03-30,1224,1479.328,948.24,265.28,0,3916.848
2022-03-31,1393,913.376,603.864,198.76,0,3109
2022-04-01,2043.2,2226.4,1287.504,444.76,0,6001.864
2022-04-02,3147.8,2594.624,1335.816,510.92,0,7589.16
2022-04-03,3265,2745.664,1139.04,546.68,0,7696.384
2022-04-04,3032.4,2668.288,1123.128,505.36,0,7329.176
2022-04-05,2173.4,1987.488,880.848,414.56,0,5456.296
2022-04-06,3027.8,2575.552,1132.488,517,0,7252.84
2022-04-07,2968.4,2344.352,1058.04,479.72,0,6850.512
2022-04-08,3025.6,2653.248,1114.128,498.32,0,7291.296
2022-04-09,2949.6,2628,1109.52,510.96,0,7198.08
2022-04-10,2475.2,2104.032,856.368,377.08,0,5812.68
2022-04-11,1835,2490.72,920.52,394.04,0,5640.28
2022-04-12,2790.8,2496.896,1036.152,488.24,0,6812.088
2022-04-13,1018.2,1784.736,514.296,264.48,0,3581.712
2022-04-14,179.6,271.744,113.616,83.28,0,648.24
2022-04-15,2048,1831.808,740.592,321.08,0,4941.48
2022-04-16,3122.6,2570.336,1082.376,501.96,0,7277.272
2022-04-17,3213.2,2722.208,1144.008,567.48,0,7646.896
2022-04-18,2170,1744.64,722.952,356.56,0,4994.152
2022-04-19,2919,2473.312,1027.008,518.48,0,6937.8
2022-04-20,2925.2,2529.92,1104.696,520.4,0,7080.216
2022-04-21,1557,1413.28,458.136,213.96,0,3642.376
2022-04-22,2971.8,2486.624,1059.48,492.52,0,7010.424
2022-04-23,970.4,1110.272,186.768,112.2,0,2379.64
2022-04-24,2249,2194.592,386.28,333.76,0,5163.632
2022-04-25,1661.4,2083.616,611.712,327.68,0,4684.408
2022-04-26,406.6,241.888,48.744,51.12,0,748.352
2022-04-27,2875.4,2379.552,891.792,463.32,0,6610.064
2022-04-28,2642.4,2312.96,906.912,471.56,0,6333.832
2022-04-29,663.4,675.392,282.888,167.4,0,1789.08
2022-04-30,2123.6,2321.12,935.352,451.44,0,5831.512
2022-05-01,3229.6,2689.344,270.648,564.88,0,6754.472
2022-05-02,3040.6,2289.504,909.36,523.32,0,6762.784
2022-05-03,2632.8,2512.096,935.496,545.04,0,6625.432
2022-05-04,3161.8,2666.72,935.352,546.16,0,7310.032
2022-05-05,1642.8,2535.04,675.432,391.32,0,5244.592
2022-05-06,2573.6,2226.56,948.672,529.84,0,6278.672
2022-05-07,2932,1995.36,933.048,526.68,0,6387.088
2022-05-08,587,2289.056,321.12,220.84,0,3418.016
2022-05-09,2609,2190.656,739.224,405.6,0,5944.48
2022-05-10,821.2,1498.656,299.304,197.04,0,2816.2
2022-05-11,466,701.6,64.296,66.6,0,1298.496
2022-05-12,773.4,1236.608,156.528,123.48,0,2290.016
2022-05-13,347.8,299.168,89.208,72.68,0,808.856
2022-05-14,2865.4,2517.472,309.528,546,0,6238.4
2022-05-15,2500.2,2087.04,496.584,424.76,0,5508.584
2022-05-16,2779,2082.048,814.248,502.76,0,6178.056
2022-05-17,2466.6,2450.432,886.968,544.4,0,6348.4
2022-05-18,2968,2504.384,911.016,524.92,0,6908.32
2022-05-19,1857.2,1541.568,523.728,321.12,0,4243.616
2022-05-20,1684.2,1318.592,483.624,291.64,0,3778.056
2022-05-21,3139.4,2544.832,551.232,555.48,0,6790.944
2022-05-22,3114.4,2293.472,450,576.8,0,6434.672
2022-05-23,2489.2,2090.336,744.12,453.16,0,5776.816
2022-05-24,2865.8,2465.408,855.72,507.04,0,6693.968
2022-05-25,2827.6,2429.28,859.464,512.24,0,6628.584
2022-05-26,1915,1796.224,606.456,364.96,0,4682.64
2022-05-27,3145.2,2638.912,949.032,570.16,0,7303.304
2022-05-28,2299.6,1874.592,660.816,394.56,0,5229.568
2022-05-29,1054.6,1260.544,356.76,234.4,0,2906.304
2022-05-30,1638.8,1335.36,335.808,214.64,0,3524.608
2022-05-31,2837,2491.168,886.896,536.76,0,6751.824
2022-06-01,2612.6,2050.848,535.752,461.96,0,5661.16
2022-06-02,2280.4,2396.288,832.464,499.68,0,6008.832
2022-06-03,2966.6,2526.08,861.264,504.68,0,6858.624
2022-06-04,1373,2026.784,467.928,295.2,0,4162.912
2022-06-05,365.8,469.344,28.944,49.96,0,914.048
2022-06-06,2440,1906.496,845.28,505.6,0,5697.376
2022-06-07,390.8,1400.576,91.08,89.76,0,1972.216
2022-06-08,1205,2606.752,772.056,460.4,0,5044.208
2022-06-09,2504.2,2565.44,876.24,505.4,0,6451.28
2022-06-10,944.2,1348.512,273.096,191.56,0,2757.368
2022-06-11,1340.4,1763.904,644.832,394.4,0,4143.536
2022-06-12,1935.2,2040.864,582.48,357.4,0,4915.944
2022-06-13,373.4,601.6,92.16,90.08,0,1157.24
2022-06-14,429,468.352,124.2,104.24,0,1125.792
2022-06-15,2172.2,2118.24,797.616,464.32,0,5552.376
2022-06-16,2487.2,2077.856,765.792,460.24,0,5791.088
2022-06-17,2287.4,2176.768,544.392,331.52,0,5340.08
2022-06-18,2341.8,2486.72,803.376,475.4,0,6107.296
2022-06-19,1990.8,2292.608,721.656,428.24,0,5433.304
2022-06-20,1126,1400.416,362.232,228.68,0,3117.328
2022-06-21,1528.4,1756.672,757.152,450.92,0,4493.144
2022-06-22,2928,2549.984,573.984,339.24,0,6391.208
2022-06-23,1970,2430.72,618.552,370.12,0,5389.392
2022-06-24,1299.8,1087.296,296.496,180.96,0,2864.552
2022-06-25,2468.4,2174.24,711.648,420.2,0,5774.488
2022-06-26,19,2022.464,643.032,386.36,0,3070.856
2022-06-27,208.4,1574.304,313.632,202.16,0,2298.496
2022-06-28,567.4,1715.776,420.912,245.76,0,2949.848
2022-06-29,1204.4,2442.976,727.704,428.16,0,4803.24
2022-06-30,2192.6,2529.472,881.64,527.44,0,6131.152
2022-07-01,3068.6,2509.152,871.992,517.8,0,6967.544
2022-07-02,2844.8,2369.856,808.416,482.24,0,6505.312
2022-07-03,1470.2,2057.664,620.928,365.68,0,4514.472
2022-07-04,889.2,2217.216,616.968,360.68,0,4084.064
2022-07-05,1329,1873.568,550.368,324.68,0,4077.616
2022-07-06,2520.2,2289.184,782.424,460.92,0,6052.728
2022-07-07,2115.2,2500.544,761.472,447.16,0,5824.376
2022-07-08,1271.6,1759.52,394.272,242.52,0,3667.912
2022-07-09,3009.6,2495.072,881.352,519.68,0,6905.704
2022-07-10,2616.8,1845.6,657,374.8,0,5494.2
2022-07-11,879.2,1011.936,364.752,217.8,0,2473.688
2022-07-12,926,2027.84,446.76,267.04,0,3667.64
2022-07-13,1382.2,1568.832,411.336,250.84,0,3613.208
2022-07-14,896,1287.84,293.328,175.88,0,2653.048
2022-07-15,765.4,676.672,239.184,152.04,0,1833.296
2022-07-16,2178,2005.952,583.92,340.52,0,5108.392
2022-07-17,1245.6,1114.912,324.216,191.56,0,2876.288
2022-07-18,671.4,1056.928,178.92,122.84,0,2030.088
2022-07-19,3032.8,2298.88,886.248,513.56,0,6731.488
2022-07-20,1897.2,2034.528,687.528,388.6,0,5007.856
2022-07-21,1864.2,1527.168,613.296,360.76,0,4365.424
2022-07-22,2903,2281.28,894.672,512.2,0,6591.152
2022-07-23,1956.2,1989.088,519.624,297.8,0,4762.712
2022-07-24,2580.8,1887.552,800.064,457.92,0,5726.336
2022-07-25,2472.2,2115.488,894.456,515.56,0,5997.704
2022-07-26,2259.2,2504.608,878.904,494.88,0,6137.592
2022-07-27,938.4,2387.04,430.344,253.12,0,4008.904
2022-07-28,1903.8,2283.296,630.72,343.36,0,5161.176
2022-07-29,1705.8,2325.856,840.672,424.44,0,5296.768
2022-07-30,186,296.576,44.208,40.68,0,567.464
2022-07-31,305.8,519.872,106.272,76.52,0,1008.464
2022-08-01,1287.2,1376.576,324.288,169.4,0,3157.464
2022-08-02,1790.8,1989.152,593.28,295.48,0,4668.712
2022-08-03,2343,2016.896,668.304,328.2,0,5356.4
2022-08-04,1616.2,2365.408,870.192,425.92,0,5277.72
2022-08-05,2210.2,2429.376,748.656,376.92,0,5765.152
2022-08-06,1873.8,2231.808,839.376,415.4,0,5360.384
2022-08-07,2675.4,2292.992,616.896,302.76,0,5888.048
2022-08-08,2440.6,2345.12,889.992,440.4,0,6116.112
2022-08-09,2594.4,2116.576,815.688,398.2,0,5924.864
2022-08-10,2513.6,1888.832,761.76,356.68,0,5520.872
2022-08-11,1643,1654.336,477.216,229.04,0,4003.592
2022-08-12,1638,1362.08,483.336,205.84,0,3689.256
2022-08-13,2286.4,2132.672,880.2,361.04,0,5660.312
2022-08-14,2135.8,2229.536,887.328,359.24,0,5611.904
2022-08-15,2733,2289.728,949.032,394.92,0,6366.68
2022-08-16,1978.8,1708.32,514.8,227.16,0,4429.08
2022-08-17,202.6,229.28,33.696,29.72,0,495.296
2022-08-18,2352,2332.192,917.928,409.52,0,6011.64
2022-08-19,2236.2,2366.72,994.392,422.2,0,6019.512
2022-08-20,849.2,564.128,233.856,128.84,0,1776.024
2022-08-21,2200.6,1896.64,812.736,356.96,0,5266.936
2022-08-22,1977.8,2242.56,1042.776,453.48,0,5716.616
2022-08-23,1976.6,1823.008,772.992,333.6,0,4906.2
2022-08-24,2266.2,1823.424,753.408,333.56,0,5176.592
2022-08-25,2695.4,2385.92,1045.224,448.96,0,6575.504
2022-08-26,1219.4,1075.328,463.608,225.48,0,2983.816
2022-08-27,2298.6,1871.904,800.856,326.72,0,5298.08
2022-08-28,1918,1944.384,907.92,401.08,0,5171.384
2022-08-29,1453,2018.304,833.904,357.28,0,4662.488
2022-08-30,1696.4,1776.416,757.512,340.24,0,4570.568
2022-08-31,1727.8,1254.464,628.848,287.12,0,3898.232
2022-09-01,627.2,543.296,218.592,123.84,0,1512.928
2022-09-02,147.8,237.312,37.512,33.28,0,455.904
2022-09-03,353.2,1304.704,196.56,110.4,0,1964.864
2022-09-04,361.2,588.288,358.056,179.48,0,1487.024
2022-09-05,125.2,276.96,46.872,33.52,0,482.552
2022-09-06,1723.8,1253.92,591.264,0,0,3568.984
2022-09-07,2887.2,2400.768,1013.688,0,0,6301.656
2022-09-08,2640.6,2338.624,1025.352,0,0,6004.576
2022-09-09,1391.6,1715.264,878.544,0,0,3985.408
2022-09-10,749,1312.288,347.616,0,0,2408.904
2022-09-11,476.8,1396.192,523.8,0,0,2396.792
2022-09-12,195.4,278.88,106.344,0,0,580.624
2022-09-13,83,90.24,32.616,0,0,205.856
2022-09-14,196,203.808,256.896,0,0,656.704
2022-09-15,206.2,239.392,232.128,0,0,677.72
2022-09-16,1212.8,1562.304,557.424,31.68,0,3364.208
2022-09-17,1322.2,1394.912,533.232,261.32,0,3511.664
2022-09-18,2156.8,1760.672,714.528,360.56,0,4992.56
2022-09-19,2163.4,1393.152,935.712,417.52,0,4909.784
2022-09-20,768,1439.712,671.184,325.16,0,3204.056
2022-09-21,1703.6,1572.32,675.36,333.8,0,4285.08
2022-09-22,1385,1500.32,571.176,274.24,0,3730.736
2022-09-23,2271.2,1586.528,770.112,364.2,0,4992.04
2022-09-24,2583.4,1937.472,849.312,425.52,0,5795.704
2022-09-25,1466,1242.944,492.912,258.6,0,3460.456
2022-09-26,2100.4,1489.536,702.576,328.72,0,4621.232
2022-09-27,2573,2036.512,837.432,403,0,5849.944
2022-09-28,1004,893.632,382.032,216.64,0,2496.304
2022-09-29,2194.2,1543.04,740.592,334.52,0,4812.352
2022-09-30,2707.8,2187.968,912.384,448.72,0,6256.872
2022-10-01,2610.4,2120.16,878.256,437.92,0,6046.736
2022-10-02,1418.6,2003.84,758.232,348.72,0,4529.392
2022-10-03,2189,1924.832,768.384,366.52,0,5248.736
2022-10-04,723.6,381.632,143.928,95.4,0,1344.56
2022-10-05,2218.4,1764.384,723.816,372.24,0,5078.84
2022-10-06,1178.2,815.296,379.8,213.52,0,2586.816
2022-10-07,1677.4,1296.512,559.584,288.12,0,3821.616
2022-10-08,320,430.496,336.24,146.2,0,1232.936
2022-10-09,460.2,481.632,140.04,89.96,0,1171.832
2022-10-10,1465.4,1047.68,410.976,219.52,0,3143.576
2022-10-11,2466.6,1498.688,756.864,391.24,0,5113.392
2022-10-12,2425.8,2019.648,801.792,425.12,0,5672.36
2022-10-13,1272.4,795.36,643.104,308.72,0,3019.584
2022-10-14,1350.2,1519.68,843.624,347.92,0,4061.424
2022-10-15,2260.2,1781.824,587.736,415.72,0,5045.48
2022-10-16,1090.6,1268.288,555.336,245.64,0,3159.864
2022-10-17,1999.8,1752.96,446.4,295.48,0,4494.64
2022-10-18,2822,1888.8,673.128,436.24,0,5820.168
2022-10-19,2851.2,2047.616,514.08,349.96,0,5762.856
2022-10-20,2661.4,2042.272,531.936,395,0,5630.608
2022-10-21,1078.6,1426.176,672.696,308.32,0,3485.792
2022-10-22,1408,967.712,492.192,217.76,0,3085.664
2022-10-23,2546.6,1498.272,442.08,335.88,0,4822.832
2022-10-24,2585.6,1755.04,781.416,370.36,0,5492.416
2022-10-25,1958.8,1620.032,812.016,383.6,0,4774.448
2022-10-26,1422.8,1642.464,784.944,359.88,0,4210.088
2022-10-27,1284.6,1050.368,404.856,200.76,0,2940.584
2022-10-28,2313.8,1702.656,648.792,267.36,0,4932.608
2022-10-29,1402.6,1250.24,759.024,318.92,0,3730.784
2022-10-30,1602.2,1458.88,804.96,364.76,0,4230.8
2022-10-31,1377.4,1274.4,804.528,364.28,0,3820.608
2022-11-01,1471,1713.216,769.752,353.2,0,4307.168
2022-11-02,2242.4,1660.224,720.72,328.08,0,4951.424
2022-11-03,2529.8,1822.016,804.528,301.36,0,5457.704
2022-11-04,2427.4,1229.728,640.08,302.8,0,4600.008
2022-11-05,2262.8,1480.672,759.96,361.44,0,4864.872
2022-11-06,2227.8,1643.68,750.6,347.88,0,4969.96
2022-11-07,2290.6,1681.12,658.656,304.64,0,4935.016
2022-11-08,2301.4,1714.272,726.12,333.88,0,5075.672
2022-11-09,2050.4,1565.568,625.32,340.16,0,4581.448
2022-11-10,561,994.912,169.272,106.84,0,1832.024
2022-11-11,615,1589.088,251.28,134.48,0,2589.848
2022-11-12,207.4,537.824,60.264,22.64,0,828.128
2022-11-13,243.2,137.152,55.8,49.84,0,485.992
2022-11-14,1622.4,682.816,358.848,152.72,0,2816.784
2022-11-15,2289.8,1552.992,746.784,330.08,0,4919.656
2022-11-16,1972.6,1146.752,592.488,243.4,0,3955.24
2022-11-17,910.2,622.496,166.104,0,0,1698.8
2022-11-18,1328.8,1408.288,652.68,0,0,3389.768
2022-11-19,298.2,846.752,370.224,0,0,1515.176
2022-11-20,134.8,121.696,11.016,0,0,267.512
2022-11-21,1604.6,1430.752,524.808,0,0,3560.16
2022-11-22,203.8,163.552,14.688,0,0,382.04
2022-11-23,891.4,450.816,426.456,0,0,1768.672
2022-11-24,1986.6,1375.936,605.664,0,0,3968.2
2022-11-25,1846.8,1461.28,597.672,41.12,0,3946.872
2022-11-26,1195.4,936.256,460.584,188.16,0,2780.4
2022-11-27,1653.4,1225.344,483.264,217.52,0,3579.528
2022-11-28,739,1117.408,323.64,139.16,0,2319.208
2022-11-29,214.8,113.76,67.176,50.44,0,446.176
2022-11-30,162.4,129.536,10.728,12.12,0,314.784
2022-12-01,418.8,412.768,89.856,86.56,0,1007.984
2022-12-02,1395.6,942.816,515.664,245.04,0,3099.12
2022-12-03,113.6,261.696,6.264,0.32,0,381.88
2022-12-04,589.4,650.4,149.616,111.48,0,1500.896
2022-12-05,855.8,616.64,212.112,135.16,0,1819.712
2022-12-06,1322.2,1053.92,253.368,148.52,0,2778.008
2022-12-07,1575,1050.976,445.752,183.6,0,3255.328
2022-12-08,881.6,720.8,267.48,133.4,0,2003.28
2022-12-09,628.2,498.24,196.992,101.24,0,1424.672
2022-12-10,766.4,727.84,277.848,120.36,0,1892.448
2022-12-11,1127,673.728,501.192,179.52,0,2481.44
2022-12-12,658.8,226.368,74.304,36.8,0,996.272
2022-12-13,1217.2,666.752,360.504,149.16,0,2393.616
2022-12-14,498.4,578.656,244.296,59.8,0,1381.152
2022-12-15,647.4,1119.04,504.936,189.36,198.145,2658.881
2022-12-16,291,149.92,118.872,76.44,1267.696,1903.928
2022-12-17,20.4,284.096,77.616,33.16,663.136,1078.408
2022-12-18,449,476.864,161.064,32.88,32.542,1152.35
2022-12-19,558.4,434.784,177.048,92.76,0,1262.992
2022-12-20,1863.8,1480.608,551.664,204.48,0,4100.552
2022-12-21,636.2,168.544,96.408,27.92,0,929.072
2022-12-22,0,80.96,8.208,1.76,0,90.928
2022-12-23,147.8,239.616,298.944,72.84,0,759.2
2022-12-24,21.6,78.272,94.896,7.28,0,202.048
2022-12-25,777.4,298.976,224.64,69.44,0,1370.456
2022-12-26,686.4,300.064,275.184,124.8,126.552,1513
2022-12-27,1204.2,391.904,459.288,189.24,3793.686,6038.318
2022-12-28,601,330.112,141.696,90.08,1729.795,2892.683
2022-12-29,451,281.92,230.328,123.84,1631.442,2718.53
2022-12-30,775.2,436.192,312.408,142.92,2014.717,3681.437
2022-12-31,2021.2,1343.616,566.712,215.16,4216.734,8363.422
2023-01-01,954.8,615.136,420.048,179.76,2112.343,4282.087
2023-01-02,1563.6,793.152,637.632,250.4,5069.336,8314.12
2023-01-03,1241,682.08,375.408,172.08,3370.64,5841.208
2023-01-04,1881,1472.928,567.936,208.68,4740.299,8870.843
2023-01-05,1659.4,1020.736,464.184,175.68,3158.03,6478.03
2023-01-06,644.2,589.152,146.16,82.36,1415.219,2877.091
2023-01-07,1933.4,1330.016,509.832,210.52,3999.786,7983.554
2023-01-08,2020.6,1433.12,621.792,258.4,4836.48,9170.392
2023-01-09,1750.8,657.792,417.672,158.76,4059.086,7044.11
2023-01-10,1802,1574.144,429.48,169.88,2803.683,6779.187
2023-01-11,1910,1522.496,670.824,264.84,4665.816,9033.976
2023-01-12,231.6,467.2,153.288,78.96,764.379,1695.427
2023-01-13,401.4,227.68,49.104,33.12,402.076,1113.38
2023-01-14,356.2,93.92,52.776,46,1321.21,1870.106
2023-01-15,137.4,54.24,9.216,23.76,651.563,876.179
2023-01-16,316.8,183.456,115.416,82.16,1352.306,2050.138
2023-01-17,259,103.904,29.016,24.28,1225.029,1641.229
2023-01-18,928.2,373.856,225.72,134.68,2267.099,3929.555
2023-01-19,935,423.328,135.144,95.48,1584.438,3173.39
2023-01-20,1033.2,654.336,424.008,191.28,1337.119,3639.943
2023-01-21,1425.8,401.504,393.264,212.4,625.531,3058.499
2023-01-22,190.4,199.776,8.28,4.28,364.47,767.206
2023-01-23,1494.6,855.104,546.552,236.32,3674.364,6806.94
2023-01-24,348.8,239.392,50.688,0.92,684.831,1324.631
2023-01-25,1634.4,1254.304,385.56,145.96,4696.188,8116.412
2023-01-26,1601,793.088,344.088,170.84,3340.267,6249.283
2023-01-27,38.6,281.184,216.216,91.2,1227.922,1855.122
2023-01-28,23.8,199.008,281.304,134.64,1771.739,2410.491
2023-01-29,180.2,341.344,33.912,38.04,1417.39,2010.886
2023-01-30,2349.8,1753.28,863.568,368.48,5924.834,11259.962
2023-01-31,2285.2,1836.48,908.856,343.84,5639.186,11013.562
2023-02-01,1983,1336.384,727.992,242,4752.595,9041.971
2023-02-02,2211.6,1752.224,849.6,340.28,5138.761,10292.465
2023-02-03,1905.4,706.24,647.496,254.36,4927.597,8441.093
2023-02-04,2315.6,1669.28,893.232,353.32,5496.001,10727.433
2023-02-05,2288.8,1794.304,879.84,347.28,5557.469,10867.693
2023-02-06,311.8,294.112,88.56,59.56,631.317,1385.349
2023-02-07,1750.4,1481.824,685.728,239.84,3816.103,7973.895
2023-02-08,2510.2,1806.656,968.4,366.6,5757.785,11409.641
2023-02-09,408.4,489.664,147.96,92.32,865.62,2003.964
2023-02-10,820.6,551.424,359.064,190.8,3652.671,5574.559
2023-02-11,516.6,469.92,94.68,91.12,1033.392,2205.712
2023-02-12,489.8,350.336,162.432,83.04,1170.07,2255.678
2023-02-13,372.6,426.784,127.368,86.64,999.404,2012.796
2023-02-14,2635,1556.48,821.232,335.52,6026.799,11375.031
2023-02-15,641,261.952,30.384,52.6,2110.898,3096.834
2023-02-16,496.2,136.16,51.12,53.52,1990.853,2727.853
2023-02-17,369,529.728,119.376,92.52,933.595,2044.219
2023-02-18,220.2,300.032,104.76,66.24,775.225,1466.457
2023-02-19,460.4,405.984,188.712,120.84,2157.179,3333.115
2023-02-20,2317,1741.248,856.656,381.48,5377.401,10673.785
2023-02-21,2814.8,1850.496,862.2,430.72,6332.693,12290.909
2023-02-22,941.6,855.648,373.896,187.08,2188.999,4547.223
2023-02-23,238.2,456.288,124.344,103.32,2856.471,3778.623
2023-02-24,1558,1373.696,566.496,304.4,3696.06,7498.652
2023-02-25,3050.6,941.6,624.672,387.68,6677.638,11682.19
2023-02-26,3038.4,2140.096,922.032,459.88,6794.791,13355.199
2023-02-27,2830.2,2140.512,862.488,433.6,6446.23,12713.03
2023-02-28,2863,2151.104,539.928,399.4,6564.828,12518.26
2023-03-01,422.2,397.6,82.152,78.44,1163.561,2143.953
2023-03-02,2948.6,2205.184,588.744,361.2,6462.862,12566.59
2023-03-03,2441,1863.424,573.336,487.4,5573.378,10938.538
2023-03-04,2342.6,1850.144,358.992,372,5468.52,10392.256
2023-03-05,1850.6,1824.896,744.696,344.4,5080.183,9844.775
2023-03-06,1725.6,2108.48,802.44,394.8,3570.229,8601.549
2023-03-07,2559.4,1877.92,745.632,308.04,5801.172,11292.164
2023-03-08,2375.2,1704.992,661.032,309.56,4919.642,9970.426
2023-03-09,1898.2,1625.28,600.624,293.92,4279.649,8697.673
2023-03-10,2605.8,1928.384,774.216,378.76,5862.64,11549.8
2023-03-11,2386.6,1742.24,540.36,321.08,5268.205,10258.485
2023-03-12,591.2,415.456,150.192,98.6,1588.054,2843.502
2023-03-13,3197,2331.52,569.232,499,7086.223,13682.975
2023-03-14,3135.6,2298.4,310.824,470.96,6932.191,13147.975
2023-03-15,2383.2,2058.688,615.816,335.36,5767.909,11160.973
2023-03-16,2811.8,2098.592,532.368,429.76,6298.704,12171.224
2023-03-17,576.6,436.704,160.056,103.04,1347.242,2623.642
2023-03-18,3107.4,2260.832,301.464,468.72,6928.575,13066.991
2023-03-19,1923,1909.408,300.312,432.56,6214.818,10780.098
2023-03-20,1030.2,863.712,365.112,188.96,2246.129,4694.113
2023-03-21,289.4,504.256,101.448,66.12,553.94,1515.164
2023-03-22,373,1035.84,59.184,29,517.057,2014.081
2023-03-23,1279.4,355.904,234.576,126.72,2617.108,4613.708
2023-03-24,367.4,332.896,71.064,52.4,736.175,1559.935
2023-03-25,314.8,293.152,153.576,104.12,848.988,1714.636
2023-03-26,2605.2,1951.52,412.272,357.08,5654.371,10980.443
2023-03-27,3354.2,2385.696,655.56,524.12,7311.124,14230.7
2023-03-28,2855.8,2015.264,992.232,380.28,6472.263,12715.839
2023-03-29,2389.4,2195.04,867.168,458.64,6462.14,12372.388
2023-03-30,2029.4,1588.352,688.608,314.76,4546.494,9167.614
2023-03-31,2843.8,2189.888,666.864,444.28,6449.121,12593.953
2023-04-01,2407.2,1957.344,626.04,377.04,5057.765,10425.389
2023-04-02,3150.8,2351.52,263.88,483.72,7039.216,13289.136
2023-04-03,2369.4,2305.504,626.184,391.28,5215.415,10907.783
2023-04-04,312.2,382.432,144.072,95.08,866.342,1800.126
2023-04-05,360.2,294.112,51.768,41.84,556.11,1304.03
2023-04-06,938.6,399.008,229.608,130.32,1844.054,3541.59
2023-04-07,2128.6,1250.688,826.056,398.68,6096.945,10700.969
2023-04-08,3364.2,2520.128,277.776,543.68,7436.955,14142.739
2023-04-09,3208.2,2449.28,250.056,510.52,7151.31,13569.366
2023-04-10,2927.2,2195.328,703.656,448.16,6506.976,12781.32
2023-04-11,2665.2,2160.992,958.176,434.6,6261.824,12480.792
2023-04-12,3333.6,2343.936,361.44,477.32,7238.086,13754.382
2023-04-13,3007,2224.128,499.32,448.4,6694.275,12873.123
2023-04-14,231.4,259.136,32.328,36.88,469.328,1029.072
2023-04-15,1331,1011.968,416.376,271.4,3971.582,7002.326
2023-04-16,2899.8,1999.712,397.656,474.92,6546.748,12318.836
2023-04-17,3056.8,2038.72,687.744,482.88,6717.414,12983.558
2023-04-18,2918.4,2237.44,960.048,437.96,4702.694,11256.542
2023-04-19,1523.4,1172.48,428.4,205.48,3191.296,6521.056
2023-04-20,2890.2,2178.72,654.984,455.4,6536.624,12715.928
2023-04-21,3032,1757.216,548.64,433.4,6690.654,12461.91
2023-04-22,2903.4,2166.688,339.912,465.2,6331.971,12207.171
2023-04-23,1824.8,1422.208,377.928,304.36,4115.49,8044.786
2023-04-24,562,425.28,132.192,103.4,1179.47,2402.342
2023-04-25,320,240.704,33.192,42.2,561.895,1197.991
2023-04-26,3152,2267.136,433.08,514.76,3024.246,9391.222
2023-04-27,3161.6,2391.104,417.096,549.56,2653.99,9173.35
2023-04-28,1911,1369.472,759.024,357.32,4531.308,8928.124
2023-04-29,331.4,278.752,43.056,33.08,796.92,1483.208
2023-04-30,3142.6,2434.976,271.944,536.72,1881.657,8267.897
2023-05-01,3218.4,2412.48,233.208,524.88,1613.366,8002.334
2023-05-02,3116,2309.664,287.064,490.36,2052.321,8255.409
2023-05-03,288,349.248,95.976,61.28,872.13,1666.634
2023-05-04,102.2,137.024,9.864,12.72,203.208,465.016
2023-05-05,104.4,402.752,24.984,10.04,289.264,831.44
2023-05-06,888.2,1586.592,281.016,152.4,2594.691,5502.899
2023-05-07,155.8,158.112,10.656,8.48,303.005,636.053
2023-05-08,2818.6,2106.976,375.552,438.72,2490.556,8230.404
2023-05-09,3219,2385.792,317.88,535.48,2263.483,8721.635
2023-05-10,2999.8,2302.08,349.848,494.52,2326.399,8472.647
2023-05-11,2773,2071.2,404.064,380.4,3195.634,8824.298
2023-05-12,1260.8,879.648,437.76,233.04,2956.993,5768.241
2023-05-13,717.6,670.304,279.936,156.88,1488.98,3313.7
2023-05-14,1989.4,1893.44,646.344,438.6,4061.252,9029.036
2023-05-15,1464.2,1080,409.968,224.72,3137.782,6316.67
2023-05-16,2960,2265.28,736.272,487.36,4876.977,11325.889
2023-05-17,2468.2,1918.464,823.968,399.36,5096.815,10706.807
2023-05-18,712.6,709.216,216.792,143.76,1065.21,2847.578
2023-05-19,1344.8,1345.376,721.944,341.96,4381.614,8135.694
2023-05-20,2484.4,2128.192,718.056,480.68,4315.083,10126.411
2023-05-21,2828,1520.096,435.888,366.72,3410.411,8561.115
2023-05-22,1025.2,701.568,249.696,149.28,2254.083,4379.827
2023-05-23,3159.8,2387.04,664.848,520.84,4445.25,11177.778
2023-05-24,1718.2,1311.36,554.544,276.24,3952.78,7813.124
2023-05-25,2997.4,2385.216,714.24,479,4725.838,11301.694
2023-05-26,2311,1970.912,547.992,338.72,3515.994,8684.618
2023-05-27,410.2,1044.288,362.52,185.4,1687.128,3689.536
2023-05-28,1632.2,1995.2,685.8,319.24,1522.972,6155.412
2023-05-29,1241,1444.8,444.096,196.44,1936.618,5262.954
2023-05-30,501,438.688,112.248,65.76,944.444,2062.14
2023-05-31,1502,1887.168,742.824,345,2884.678,7361.67
2023-06-01,638.6,1071.2,119.376,77.16,1031.224,2937.56
2023-06-02,2645.8,1803.872,933.912,458.2,5814.911,11656.695
2023-06-03,3156.2,2490.816,628.992,532.04,4236.982,11045.03
2023-06-04,2046.4,1808.512,668.088,328.08,4927.598,9778.678
2023-06-05,625.4,457.504,155.016,89.08,1406.543,2733.543
2023-06-06,866,899.04,408.096,214.08,1827.419,4214.635
2023-06-07,2701,2202.72,826.776,399.32,5674.62,11804.436
2023-06-08,868.2,1577.728,515.016,248.48,2228.049,5437.473
2023-06-09,2355.2,2251.136,827.28,408.64,5358.601,11200.857
2023-06-10,2463.8,2277.152,802.008,397.76,4717.16,10657.88
2023-06-11,1585.8,1690.08,773.784,382.28,3757.53,8189.474
2023-06-12,1260.6,1660.704,630.072,304.48,4116.214,7972.07
2023-06-13,1723.2,1355.2,697.68,340.48,4229.75,8346.31
2023-06-14,2181.8,2122.912,790.488,392.4,4879.87,10367.47
2023-06-15,2847,2345.76,935.568,476.44,5166.24,11771.008
2023-06-16,2407.8,2160.928,759.096,456.64,4961.586,10746.05
2023-06-17,2866.8,2301.408,339.408,455.16,2601.2,8563.976
2023-06-18,1561.4,1200.48,516.672,254.92,3419.814,6953.286
2023-06-19,2693.4,2242.048,862.776,431.76,5396.927,11626.911
2023-06-20,341.4,1072.608,99.216,64.12,666.751,2244.095
2023-06-21,1536.8,438.56,269.64,143.2,936.49,3324.69
2023-06-22,2449,2009.632,850.608,418.92,5808.403,11536.563
2023-06-23,2612.4,2342.592,919.872,467.28,6427.428,12769.572
2023-06-24,1615.2,1841.28,642.672,313.08,3486.345,7898.577
2023-06-25,264.8,293.792,24.84,26.72,289.264,899.416
2023-06-26,484,1440.416,547.128,262.04,708.694,3442.278
2023-06-27,905.4,926.88,240.696,129.44,992.174,3194.59
2023-06-28,1927.4,2105.92,698.688,331,5272.545,10335.553
2023-06-29,1719.2,1704.864,591.12,281.84,1542.494,5839.518
2023-06-30,366,346.016,55.8,33,522.119,1322.935
2023-07-01,781.2,1220.192,550.584,267.52,2191.169,5010.665
2023-07-02,1214.6,1673.312,359.64,185.72,2155.732,5589.004
2023-07-03,544.6,468.8,72.144,36.68,932.873,2055.097
2023-07-04,801.2,1281.44,217.872,103.6,1131.74,3535.852
2023-07-05,2579.4,1648.192,764.568,361.8,5272.545,10626.505
2023-07-06,2920.2,2279.552,893.448,448.4,6537.349,13078.949
2023-07-07,799.2,868.96,247.536,119.32,964.692,2999.708
2023-07-08,403.8,416.576,70.704,36.88,662.412,1590.372
2023-07-09,997.4,1082.368,315.504,163.68,2623.616,5182.568
2023-07-10,2372.6,2061.952,779.04,400.4,5185.765,10799.757
2023-07-11,2256.2,2268.576,755.64,399,3586.864,9266.28
2023-07-12,2846.8,2341.888,794.376,425.36,6333.417,12741.841
2023-07-13,1456.8,1185.504,403.488,213.52,2744.384,6003.696
2023-07-14,1020.4,1682.208,367.128,189.76,2016.889,5276.385
2023-07-15,1927.6,1950.496,707.904,369.6,3565.891,8521.491
2023-07-16,1340.4,1592.768,388.08,210.8,3103.793,6635.841
2023-07-17,1218.2,943.968,349.848,192.04,2704.61,5408.666
2023-07-18,637,1148.768,401.616,205.32,2078.354,4471.058
2023-07-19,2008.8,816.64,547.92,330.2,3683.768,7387.328
2023-07-20,1056.4,804.128,260.208,198.2,2318.445,4637.381
2023-07-21,1373,961.952,497.952,292.6,2661.945,5787.449
2023-07-22,633.4,554.752,178.344,131.28,781.735,2279.511
2023-07-23,630,952.96,180.504,137.92,1594.564,3495.948
2023-07-24,1011,636.384,259.704,174.8,1946.019,4027.907
2023-07-25,743.8,772.64,339.048,0,2231.665,4087.153
2023-07-26,2027.8,2094.24,794.016,0,4247.107,9163.163
2023-07-27,1533.4,2065.12,594.72,137.52,4312.19,8642.95
2023-07-28,901,1057.536,427.392,251.16,2645.313,5282.401
2023-07-29,2032,1918.112,402.768,310.72,3769.098,8432.698
2023-07-30,2235.6,2112.416,536.112,410.8,5078.016,10372.944
2023-07-31,2088.2,2016.832,555.696,407.6,4874.806,9943.134
2023-08-01,2323,2099.456,512.928,383.8,4699.08,10018.264
2023-08-02,2506,2134.784,585.144,415.8,5462.011,11103.739
2023-08-03,2019.4,2326.88,606.744,444.68,4363.533,9761.237
2023-08-04,1384.2,2092.736,541.8,404.32,3541.305,7964.361
2023-08-05,2337.2,2164.576,671.112,497.84,5185.764,10856.492
2023-08-06,1225.8,1548.704,500.472,386.64,3447.295,7108.911
2023-08-07,1661.8,1896.16,628.128,444.48,4560.956,9191.524
2023-08-08,987,1144.064,430.776,313.4,2863.706,5738.946
2023-08-09,136,185.376,29.304,38.32,266.122,655.122
2023-08-10,1672.4,1536.864,500.4,351.4,4886.379,8947.443
2023-08-11,2302.2,2245.472,440.424,328.2,4171.172,9487.468
2023-08-12,1908.2,2007.424,560.808,417.72,4121.999,9016.151
2023-08-13,2486,1841.792,620.496,439.56,5521.31,10909.158
2023-08-14,2239.4,2223.328,573.408,394.24,4606.515,10036.891
2023-08-15,2112,1921.056,632.664,454.04,4482.856,9602.616
2023-08-16,2138,1957.664,480.744,330.84,4107.539,9014.787
2023-08-17,1084.2,1374.016,421.2,315.24,2625.06,5819.716
2023-08-18,1981,2186.432,600.48,419.32,3077.758,8264.99
2023-08-19,1210,2029.664,534.744,409.52,1918.538,6102.466
2023-08-20,2699,1676.64,586.872,403.72,6039.815,11406.047
2023-08-21,2114.2,1987.712,619.2,437.64,4496.596,9655.348
2023-08-22,1158.6,1351.712,489.456,352.8,4114.769,7467.337
2023-08-23,325.2,217.696,149.76,140.48,2120.3,2953.436
2023-08-24,1122.2,870.688,159.192,149.56,2100.773,4402.413
2023-08-25,2078,2063.456,652.392,468.52,4686.788,9949.156
2023-08-26,2549.4,2133.824,670.464,486.52,6332.695,12172.903
2023-08-27,2169.4,2114.336,594.144,415.52,4923.981,10217.381
2023-08-28,1340,1774.144,508.608,367.72,3910.836,7901.308
2023-08-29,1362.8,1160,316.8,236.32,3257.827,6333.747
2023-08-30,355,142.272,28.152,49.36,1101.369,1676.153
2023-08-31,1733.6,1518.848,317.16,244.12,3490.685,7304.413
2023-09-01,572,553.792,192.528,169,1613.366,3100.686
2023-09-02,2236.8,1523.904,513.072,355.64,4706.313,9335.729
2023-09-03,1709.4,1908,523.224,405.68,4380.889,8927.193
2023-09-04,2208.2,1855.04,593.208,467.8,3924.577,9048.825
2023-09-05,2348.6,1677.344,541.656,411.64,4948.57,9927.81
2023-09-06,2785.6,1995.36,598.176,464.4,6349.327,12192.863
2023-09-07,2637.2,2003.808,649.656,425.4,5115.618,10831.682
2023-09-08,2359.6,1959.84,688.032,470.32,5759.952,11237.744
2023-09-09,2547.4,1984.416,662.76,452.52,5471.413,11118.509
2023-09-10,1896.2,1428.8,408.816,292.2,3654.839,7680.855
2023-09-11,1924.2,1842.304,591.696,405.4,5194.443,9958.043
2023-09-12,1428.6,1465.696,258.696,219.6,2764.632,6137.224
2023-09-13,1603.6,1421.408,368.424,295.04,3738.727,7427.199
2023-09-14,121.2,415.296,66.96,91.24,1033.392,1728.088
2023-09-15,655.2,1712.288,503.136,330.08,5072.954,8273.658
2023-09-16,870.4,647.68,194.472,173.16,2625.787,4511.499
2023-09-17,856.6,681.376,219.096,93.72,2215.033,4065.825
2023-09-18,1619.2,1489.92,522.72,219.52,671.813,4523.173
2023-09-19,1526.6,1417.824,493.776,335.32,3394.503,7168.023
2023-09-20,530,852.192,178.632,158.84,1250.342,2970.006
2023-09-21,1351.6,1102.4,277.56,216.04,4094.52,7042.12
2023-09-22,931.4,579.584,74.952,81.08,1648.8,3315.816
2023-09-23,1416.2,1076.832,349.416,255.12,3291.092,6388.66
2023-09-24,954.2,1012.576,411.624,280,2344.477,5002.877
2023-09-25,1296,1508.576,538.416,366.28,1960.483,5669.755
2023-09-26,1502.2,1594.528,451.008,311.8,2304.705,6164.241
2023-09-27,2495,1797.92,583.488,416.76,5727.41,11020.578
2023-09-28,1566.4,1292.064,498.168,297.16,3190.572,6844.364
2023-09-29,2234,1850.976,626.76,417.84,5294.239,10423.815
2023-09-30,777.4,619.328,204.12,171.76,1359.536,3132.144
2023-10-01,2565.6,1817.728,333.72,423.24,3253.486,8393.774
2023-10-02,2721.2,1924.192,652.752,430.68,6000.04,11728.864
2023-10-03,559.6,389.76,93.168,99.2,1143.312,2285.04
2023-10-04,2547.4,1813.952,448.56,368,4571.804,9749.716
2023-10-05,2937.8,1865.6,177.192,359.12,1632.167,6971.879
2023-10-06,1414.2,1139.584,363.384,251.72,3168.155,6337.043
2023-10-07,454.4,345.056,75.312,82.84,919.855,1877.463
2023-10-08,497.4,750.688,47.664,60.6,1458.609,2814.961
2023-10-09,1104,1008.768,428.112,292.84,2683.64,5517.36
2023-10-10,2492.8,1636.512,380.88,397.88,3299.046,8207.118
2023-10-11,1618.8,1653.024,534.312,311.48,3754.635,7872.251
2023-10-12,2409.6,1681.216,660.6,417,5650.033,10818.449
2023-10-13,1542.8,1028.448,493.704,309.28,3512.376,6886.608
2023-10-14,2327,1560.736,387.792,346.64,3501.529,8123.697
2023-10-15,2018,1370.624,250.2,309.84,2742.215,6690.879
2023-10-16,2278,1330.624,567.36,356.6,5423.683,9956.267
2023-10-17,2792.2,1903.616,381.672,432.12,3513.101,9022.709
2023-10-18,2272.6,1840.352,634.752,400.08,4893.61,10041.394
2023-10-19,1509.6,1688.032,446.256,284.8,3307.001,7235.689
2023-10-20,1474.6,1086.752,268.128,187.4,2482.599,5499.479
2023-10-21,2745,1889.856,386.496,411.4,3633.144,9065.896
2023-10-22,2093.8,1586.784,364.176,288.44,3865.278,8198.478
2023-10-23,1683.6,1591.584,598.608,361.52,4331.715,8567.027
2023-10-24,1917.6,1506.688,460.08,277.2,3719.199,7880.767
2023-10-25,2088.2,1704.544,584.64,362.48,3770.546,8510.41
2023-10-26,1873.2,1596.32,543.6,303.48,3969.414,8286.014
2023-10-27,2600,1584.256,317.952,382.12,3116.088,8000.416
2023-10-28,2467.2,1660.576,261.144,365.28,2561.425,7315.625
2023-10-29,2059.8,1603.168,402.84,339.56,3471.158,7876.526
2023-10-30,1524.8,1660.64,563.76,345.84,3277.352,7372.392
2023-10-31,2355.2,1669.472,379.8,359.52,3401.012,8165.004
2023-11-01,2318,1642.048,573.408,348.68,4690.403,9572.539
2023-11-02,2348,1616.064,570.888,345.56,5473.582,10354.094
2023-11-03,1768.4,1424.48,401.184,226.52,4968.818,8789.402
2023-11-04,1140.6,1180.064,183.312,141,2298.196,4943.172
2023-11-05,335.2,361.664,63.288,67.6,992.897,1820.649
2023-11-06,361.4,260.288,33.336,49.36,1075.337,1779.721
2023-11-07,1410.6,777.6,255.24,169.72,5248.68,7861.84
2023-11-08,1967.4,1621.216,556.632,320.16,4559.51,9024.918
2023-11-09,946,606.144,243.792,157.04,2753.061,4706.037
2023-11-10,899,684.96,138.744,125.6,2422.577,4270.881
2023-11-11,1888.2,1217.952,523.944,300.88,4957.97,8888.946
2023-11-12,575.4,273.408,187.344,136.52,2694.487,3867.159
2023-11-13,1048,462.336,276.768,181.44,3646.886,5615.43
2023-11-14,1003.4,189.632,35.064,53.6,3275.181,4556.877
2023-11-15,1421.2,1424.32,552.6,277.92,4067.764,7743.804
2023-11-16,252.6,202.848,24.48,37.84,425.939,943.707
2023-11-17,1118.6,431.84,231.768,135.96,2912.88,4831.048
2023-11-18,847.8,228.992,140.4,121.72,1493.321,2832.233
2023-11-19,2328.2,1221.728,537.264,287.44,5419.345,9793.977
2023-11-20,2357.6,1607.232,572.04,334.16,5598.687,10469.719
2023-11-21,1841,1258.272,504.648,284,3944.825,7832.745
2023-11-22,2063.4,1496.864,493.416,233.32,4829.249,9116.249
2023-11-23,1624.2,1027.072,357.12,193.84,3352.561,6554.793
2023-11-24,442.2,253.152,79.344,85.32,1412.327,2272.343
2023-11-25,2005.4,1015.744,544.896,215.08,5330.397,9111.517
2023-11-26,1651.2,1372.128,494.928,318.88,3699.676,7536.812
2023-11-27,1224.6,377.344,183.6,132.44,2871.659,4789.643
2023-11-28,572,440.096,89.064,100.52,2217.202,3418.882
2023-11-29,946.6,803.04,135.072,229.56,2562.872,4677.144
2023-11-30,105,121.792,43.272,60.08,505.487,835.631
2023-12-01,190.2,127.2,31.536,45.72,603.836,998.492
2023-12-02,875.8,248,58.248,64.64,1718.946,2965.634
2023-12-03,1367.6,633.216,229.824,144.4,3236.13,5611.17
2023-12-04,1666.4,1241.76,444.168,241.72,3957.12,7551.168
2023-12-05,1928.2,1417.568,494.712,274.96,4760.548,8875.988
2023-12-06,1198.4,940.64,255.888,152.48,2847.072,5394.48
2023-12-07,2032,1409.792,496.728,271.68,4903.732,9113.932
2023-12-08,1954,1373.536,465.768,248.24,4132.124,8173.668
2023-12-09,1296.8,909.056,241.056,152.16,2727.751,5326.823
2023-12-10,1322,880.512,307.368,179.64,2778.373,5467.893
2023-12-11,222.8,287.392,16.704,31.68,218.395,776.971
2023-12-12,341,140.096,26.928,47.32,1511.4,2066.744
2023-12-13,708.8,884.992,124.632,97.76,1732.686,3548.87
2023-12-14,100.8,135.36,0.216,6.8,161.263,404.439
2023-12-15,252,147.872,138.816,89.56,1083.289,1711.537
2023-12-16,186.6,152.576,24.912,26.64,1319.764,1710.492
2023-12-17,0.2,185.12,30.168,3.8,352.177,571.465
2023-12-18,18,343.68,149.832,116.96,2471.031,3099.503
2023-12-19,149.6,195.04,20.376,51.44,585.757,1002.213
2023-12-20,852,199.968,43.992,53.56,1620.595,2770.115
2023-12-21,1.4,184.448,21.456,6.8,898.884,1112.988
2023-12-22,0,6.112,67.536,64.08,419.433,557.161
2023-12-23,48.6,202.656,81.576,85,1433.299,1851.131
2023-12-24,197.6,83.712,0.432,1.28,1521.525,1804.549
2023-12-25,81.4,225.184,66.168,69.96,799.089,1241.801
2023-12-26,1063,422.944,31.248,54.88,2171.644,3743.716
2023-12-27,1147.4,1055.84,373.176,188.4,3400.288,6165.104
2023-12-28,954.6,797.632,253.584,156.4,2719.797,4882.013
2023-12-29,1568,771.328,350.64,188.04,3859.493,6737.501
2023-12-30,1454.4,1026.752,335.016,189.68,3644.716,6650.564
2023-12-31,222.6,176.928,36.864,54.48,1196.826,1687.698